match_id,player,row,snv_pts,pts_won,aces,unret,return_forced,net_winner,induced_forced,net_unforced,passed_at_net,passing_shot_induced_forced,total_shots
20110614-W-Wimbledon-R64-Venus_Williams-Kimiko_Date_Krumm,2,SnV,8,2,0,0,1,1,0,4,1,0,22
20110614-W-Wimbledon-R64-Venus_Williams-Kimiko_Date_Krumm,2,SnV1st,7,2,0,0,1,1,0,4,1,0,16
20110614-W-Wimbledon-R64-Venus_Williams-Kimiko_Date_Krumm,2,SnV2nd,1,0,0,0,0,0,0,0,0,0,6
20110614-W-Wimbledon-R64-Venus_Williams-Kimiko_Date_Krumm,2,nonSnV,131,75,1,2,13,9,4,1,1,0,565
20110614-W-Wimbledon-R64-Venus_Williams-Kimiko_Date_Krumm,2,nonSnV1st,101,54,1,2,9,8,2,1,1,0,418
20110614-W-Wimbledon-R64-Venus_Williams-Kimiko_Date_Krumm,2,nonSnV2nd,30,21,0,0,4,1,2,0,0,0,147
20140123-W-Australian_Open-SF-Eugenie_Bouchard-Na_Li,2,SnV,1,0,0,0,0,0,0,0,0,1,4
20140123-W-Australian_Open-SF-Eugenie_Bouchard-Na_Li,2,SnV1st,1,0,0,0,0,0,0,0,0,1,4
20140123-W-Australian_Open-SF-Eugenie_Bouchard-Na_Li,2,nonSnV,63,38,4,0,7,5,2,1,3,0,244
20140123-W-Australian_Open-SF-Eugenie_Bouchard-Na_Li,2,nonSnV1st,41,27,4,0,6,4,1,1,1,0,153
20140123-W-Australian_Open-SF-Eugenie_Bouchard-Na_Li,2,nonSnV2nd,22,11,0,0,1,1,1,0,2,0,91
20140117-W-Australian_Open-R32-Serena_Williams-Daniela_Hantuchova,1,SnV,1,0,0,0,0,0,0,1,0,0,2
20140117-W-Australian_Open-R32-Serena_Williams-Daniela_Hantuchova,1,SnV1st,1,0,0,0,0,0,0,1,0,0,2
20140117-W-Australian_Open-R32-Serena_Williams-Daniela_Hantuchova,1,nonSnV,53,35,10,2,5,2,0,1,0,1,141
20140117-W-Australian_Open-R32-Serena_Williams-Daniela_Hantuchova,1,nonSnV1st,26,20,8,2,4,2,0,1,0,0,56
20140117-W-Australian_Open-R32-Serena_Williams-Daniela_Hantuchova,1,nonSnV2nd,27,15,2,0,1,0,0,0,0,1,85
20140113-W-Australian_Open-R128-Venus_Williams-Ekaterina_Makarova,2,SnV,1,0,0,0,0,0,0,0,0,0,4
20140113-W-Australian_Open-R128-Venus_Williams-Ekaterina_Makarova,2,SnV1st,1,0,0,0,0,0,0,0,0,0,4
20140113-W-Australian_Open-R128-Venus_Williams-Ekaterina_Makarova,2,nonSnV,105,60,1,1,9,5,0,1,5,1,460
20140113-W-Australian_Open-R128-Venus_Williams-Ekaterina_Makarova,2,nonSnV1st,69,43,1,1,7,4,0,1,2,0,321
20140113-W-Australian_Open-R128-Venus_Williams-Ekaterina_Makarova,2,nonSnV2nd,36,17,0,0,2,1,0,0,3,1,139
20140115-W-Australian_Open-R64-Alison_Riske-Yanina_Wickmayer,1,SnV,1,0,0,0,0,0,0,0,0,0,2
20140115-W-Australian_Open-R64-Alison_Riske-Yanina_Wickmayer,1,SnV1st,1,0,0,0,0,0,0,0,0,0,2
20140115-W-Australian_Open-R64-Alison_Riske-Yanina_Wickmayer,1,nonSnV,47,33,4,0,10,0,0,0,0,0,167
20140115-W-Australian_Open-R64-Alison_Riske-Yanina_Wickmayer,1,nonSnV1st,38,27,4,0,9,0,0,0,0,0,131
20140115-W-Australian_Open-R64-Alison_Riske-Yanina_Wickmayer,1,nonSnV2nd,9,6,0,0,1,0,0,0,0,0,36
20140115-W-Australian_Open-R64-Alison_Riske-Yanina_Wickmayer,2,SnV,1,1,0,1,0,0,0,0,0,0,1
20140115-W-Australian_Open-R64-Alison_Riske-Yanina_Wickmayer,2,SnV1st,1,1,0,1,0,0,0,0,0,0,1
20140115-W-Australian_Open-R64-Alison_Riske-Yanina_Wickmayer,2,nonSnV,42,18,3,0,6,2,0,1,1,0,126
20140115-W-Australian_Open-R64-Alison_Riske-Yanina_Wickmayer,2,nonSnV1st,28,12,3,0,4,2,0,1,1,0,80
20140115-W-Australian_Open-R64-Alison_Riske-Yanina_Wickmayer,2,nonSnV2nd,14,6,0,0,2,0,0,0,0,0,46
20130622-W-s_Hertogenbosch-F-Kirsten_Flipkens-Simona_Halep,1,SnV,4,1,0,0,1,0,0,0,1,0,9
20130622-W-s_Hertogenbosch-F-Kirsten_Flipkens-Simona_Halep,1,SnV1st,4,1,0,0,1,0,0,0,1,0,9
20130622-W-s_Hertogenbosch-F-Kirsten_Flipkens-Simona_Halep,1,nonSnV,48,23,0,0,4,3,1,3,3,0,237
20130622-W-s_Hertogenbosch-F-Kirsten_Flipkens-Simona_Halep,1,nonSnV1st,28,14,0,0,3,2,1,3,2,0,142
20130622-W-s_Hertogenbosch-F-Kirsten_Flipkens-Simona_Halep,1,nonSnV2nd,20,9,0,0,1,1,0,0,1,0,95
20130714-W-Palermo-F-Roberta_Vinci-Sara_Errani,1,SnV,1,1,1,0,0,0,0,0,0,0,1
20130714-W-Palermo-F-Roberta_Vinci-Sara_Errani,1,SnV1st,1,1,1,0,0,0,0,0,0,0,1
20130714-W-Palermo-F-Roberta_Vinci-Sara_Errani,1,nonSnV,105,57,6,1,6,12,5,2,7,3,481
20130714-W-Palermo-F-Roberta_Vinci-Sara_Errani,1,nonSnV1st,64,36,5,0,6,10,3,1,4,1,302
20130714-W-Palermo-F-Roberta_Vinci-Sara_Errani,1,nonSnV2nd,41,21,1,1,0,2,2,1,3,2,179
20140530-W-Roland_Garros-R32-Taylor_Townsend-Carla_Suarez_Navarro,1,SnV,3,0,0,0,0,0,0,3,0,0,6
20140530-W-Roland_Garros-R32-Taylor_Townsend-Carla_Suarez_Navarro,1,SnV1st,2,0,0,0,0,0,0,2,0,0,4
20140530-W-Roland_Garros-R32-Taylor_Townsend-Carla_Suarez_Navarro,1,SnV2nd,1,0,0,0,0,0,0,1,0,0,2
20140530-W-Roland_Garros-R32-Taylor_Townsend-Carla_Suarez_Navarro,1,nonSnV,37,18,2,0,5,5,0,2,2,0,160
20140530-W-Roland_Garros-R32-Taylor_Townsend-Carla_Suarez_Navarro,1,nonSnV1st,29,15,1,0,5,4,0,2,2,0,123
20140530-W-Roland_Garros-R32-Taylor_Townsend-Carla_Suarez_Navarro,1,nonSnV2nd,8,3,1,0,0,1,0,0,0,0,37
20140527-W-Roland_Garros-R128-Na_Li-Kristina_Mladenovic,1,SnV,1,0,0,0,0,0,0,0,0,0,2
20140527-W-Roland_Garros-R128-Na_Li-Kristina_Mladenovic,1,SnV1st,1,0,0,0,0,0,0,0,0,0,2
20140527-W-Roland_Garros-R128-Na_Li-Kristina_Mladenovic,1,nonSnV,77,48,3,0,13,2,2,2,0,0,252
20140527-W-Roland_Garros-R128-Na_Li-Kristina_Mladenovic,1,nonSnV1st,53,35,3,0,12,1,2,2,0,0,175
20140527-W-Roland_Garros-R128-Na_Li-Kristina_Mladenovic,1,nonSnV2nd,24,13,0,0,1,1,0,0,0,0,77
20140527-W-Roland_Garros-R128-Na_Li-Kristina_Mladenovic,2,SnV,1,0,0,0,0,0,0,0,1,0,4
20140527-W-Roland_Garros-R128-Na_Li-Kristina_Mladenovic,2,SnV1st,1,0,0,0,0,0,0,0,1,0,4
20140527-W-Roland_Garros-R128-Na_Li-Kristina_Mladenovic,2,nonSnV,77,53,3,2,13,5,1,0,1,0,265
20140527-W-Roland_Garros-R128-Na_Li-Kristina_Mladenovic,2,nonSnV1st,42,32,3,2,9,3,1,0,0,0,136
20140527-W-Roland_Garros-R128-Na_Li-Kristina_Mladenovic,2,nonSnV2nd,35,21,0,0,4,2,0,0,1,0,129
20140106-W-Sydney-R32-Eugenie_Bouchard-Bethanie_Mattek_Sands,2,SnV,1,1,0,0,1,0,0,0,0,0,1
20140106-W-Sydney-R32-Eugenie_Bouchard-Bethanie_Mattek_Sands,2,SnV1st,1,1,0,0,1,0,0,0,0,0,1
20140106-W-Sydney-R32-Eugenie_Bouchard-Bethanie_Mattek_Sands,2,nonSnV,55,32,0,0,7,5,2,0,1,0,220
20140106-W-Sydney-R32-Eugenie_Bouchard-Bethanie_Mattek_Sands,2,nonSnV1st,34,23,0,0,5,4,1,0,0,0,133
20140106-W-Sydney-R32-Eugenie_Bouchard-Bethanie_Mattek_Sands,2,nonSnV2nd,21,9,0,0,2,1,1,0,1,0,87
20140711-W-Bucharest-QF-Lara_Arruabarrena-Simona_Halep,2,SnV,1,1,0,0,1,0,0,0,0,0,1
20140711-W-Bucharest-QF-Lara_Arruabarrena-Simona_Halep,2,SnV1st,1,1,0,0,1,0,0,0,0,0,1
20140711-W-Bucharest-QF-Lara_Arruabarrena-Simona_Halep,2,nonSnV,42,29,1,0,2,1,1,0,1,0,223
20140711-W-Bucharest-QF-Lara_Arruabarrena-Simona_Halep,2,nonSnV1st,30,23,1,0,2,1,1,0,1,0,181
20140711-W-Bucharest-QF-Lara_Arruabarrena-Simona_Halep,2,nonSnV2nd,12,6,0,0,0,0,0,0,0,0,42
20140713-W-Bucharest-F-Roberta_Vinci-Simona_Halep,1,SnV,1,1,0,0,0,0,1,0,0,0,3
20140713-W-Bucharest-F-Roberta_Vinci-Simona_Halep,1,SnV1st,1,1,0,0,0,0,1,0,0,0,3
20140713-W-Bucharest-F-Roberta_Vinci-Simona_Halep,1,nonSnV,61,28,1,0,7,7,2,1,2,2,282
20140713-W-Bucharest-F-Roberta_Vinci-Simona_Halep,1,nonSnV1st,33,20,1,0,7,6,0,0,0,1,108
20140713-W-Bucharest-F-Roberta_Vinci-Simona_Halep,1,nonSnV2nd,28,8,0,0,0,1,2,1,2,1,174
20140624-W-Wimbledon-R128-Teliana_Pereira-Simona_Halep,1,SnV,1,0,0,0,0,0,0,0,1,0,4
20140624-W-Wimbledon-R128-Teliana_Pereira-Simona_Halep,1,SnV1st,1,0,0,0,0,0,0,0,1,0,4
20140624-W-Wimbledon-R128-Teliana_Pereira-Simona_Halep,1,nonSnV,66,34,2,2,13,2,2,1,4,0,288
20140624-W-Wimbledon-R128-Teliana_Pereira-Simona_Halep,1,nonSnV1st,47,24,2,2,13,2,2,1,3,0,186
20140624-W-Wimbledon-R128-Teliana_Pereira-Simona_Halep,1,nonSnV2nd,19,10,0,0,0,0,0,0,1,0,102
20140701-W-Wimbledon-QF-Barbora_Zahlavova_Strycova-Petra_Kvitova,1,SnV,1,1,0,1,0,0,0,0,0,0,1
20140701-W-Wimbledon-QF-Barbora_Zahlavova_Strycova-Petra_Kvitova,1,SnV2nd,1,1,0,1,0,0,0,0,0,0,1
20140701-W-Wimbledon-QF-Barbora_Zahlavova_Strycova-Petra_Kvitova,1,nonSnV,71,37,0,5,10,2,3,0,5,1,261
20140701-W-Wimbledon-QF-Barbora_Zahlavova_Strycova-Petra_Kvitova,1,nonSnV1st,45,24,0,4,9,2,1,0,3,1,154
20140701-W-Wimbledon-QF-Barbora_Zahlavova_Strycova-Petra_Kvitova,1,nonSnV2nd,26,13,0,1,1,0,2,0,2,0,107
20130814-W-Cincinnati-R64-Na_Li-Lauren_Davis,1,SnV,4,3,0,0,0,0,3,1,0,0,11
20130814-W-Cincinnati-R64-Na_Li-Lauren_Davis,1,SnV1st,4,3,0,0,0,0,3,1,0,0,11
20130814-W-Cincinnati-R64-Na_Li-Lauren_Davis,1,nonSnV,65,47,3,0,8,2,1,0,1,0,265
20130814-W-Cincinnati-R64-Na_Li-Lauren_Davis,1,nonSnV1st,43,36,3,0,7,2,1,0,0,0,176
20130814-W-Cincinnati-R64-Na_Li-Lauren_Davis,1,nonSnV2nd,22,11,0,0,1,0,0,0,1,0,89
20140725-W-Baku-QF-Pauline_Parmentier-Elina_Svitolina,2,SnV,1,1,0,0,0,1,0,0,0,0,3
20140725-W-Baku-QF-Pauline_Parmentier-Elina_Svitolina,2,SnV1st,1,1,0,0,0,1,0,0,0,0,3
20140725-W-Baku-QF-Pauline_Parmentier-Elina_Svitolina,2,nonSnV,71,42,1,1,7,0,1,0,4,0,340
20140725-W-Baku-QF-Pauline_Parmentier-Elina_Svitolina,2,nonSnV1st,44,30,1,1,7,0,1,0,2,0,186
20140725-W-Baku-QF-Pauline_Parmentier-Elina_Svitolina,2,nonSnV2nd,27,12,0,0,0,0,0,0,2,0,154
20140807-W-Montreal-R32-Ana_Ivanovic-Coco_Vandeweghe,2,SnV,5,5,0,0,0,3,0,0,0,0,17
20140807-W-Montreal-R32-Ana_Ivanovic-Coco_Vandeweghe,2,SnV1st,5,5,0,0,0,3,0,0,0,0,17
20140807-W-Montreal-R32-Ana_Ivanovic-Coco_Vandeweghe,2,nonSnV,106,76,11,0,23,4,2,1,1,0,284
20140807-W-Montreal-R32-Ana_Ivanovic-Coco_Vandeweghe,2,nonSnV1st,58,43,10,0,19,2,2,1,0,0,131
20140807-W-Montreal-R32-Ana_Ivanovic-Coco_Vandeweghe,2,nonSnV2nd,48,33,1,0,4,2,0,0,1,0,153
20140928-W-Beijing-R64-Agnieszka_Radwanska-Coco_Vandeweghe,2,SnV,1,1,0,0,0,0,1,0,0,0,3
20140928-W-Beijing-R64-Agnieszka_Radwanska-Coco_Vandeweghe,2,SnV1st,1,1,0,0,0,0,1,0,0,0,3
20140928-W-Beijing-R64-Agnieszka_Radwanska-Coco_Vandeweghe,2,nonSnV,46,26,3,0,4,5,0,1,0,0,192
20140928-W-Beijing-R64-Agnieszka_Radwanska-Coco_Vandeweghe,2,nonSnV1st,24,15,3,0,4,1,0,0,0,0,73
20140928-W-Beijing-R64-Agnieszka_Radwanska-Coco_Vandeweghe,2,nonSnV2nd,22,11,0,0,0,4,0,1,0,0,119
20140214-W-Doha-QF-Petra_Cetkovska-Angelique_Kerber,1,SnV,1,1,0,0,0,0,0,0,0,0,3
20140214-W-Doha-QF-Petra_Cetkovska-Angelique_Kerber,1,SnV1st,1,1,0,0,0,0,0,0,0,0,3
20140214-W-Doha-QF-Petra_Cetkovska-Angelique_Kerber,1,nonSnV,38,11,0,0,2,1,1,2,1,1,229
20140214-W-Doha-QF-Petra_Cetkovska-Angelique_Kerber,1,nonSnV1st,27,8,0,0,2,1,1,0,1,1,158
20140214-W-Doha-QF-Petra_Cetkovska-Angelique_Kerber,1,nonSnV2nd,11,3,0,0,0,0,0,2,0,0,71
20140314-W-Indian_Wells-SF-Agnieszka_Radwanska-Simona_Halep,1,SnV,1,1,0,0,0,0,0,0,0,0,3
20140314-W-Indian_Wells-SF-Agnieszka_Radwanska-Simona_Halep,1,SnV1st,1,1,0,0,0,0,0,0,0,0,3
20140314-W-Indian_Wells-SF-Agnieszka_Radwanska-Simona_Halep,1,nonSnV,66,40,3,0,4,6,4,3,3,0,404
20140314-W-Indian_Wells-SF-Agnieszka_Radwanska-Simona_Halep,1,nonSnV1st,47,27,3,0,3,3,3,2,3,0,253
20140314-W-Indian_Wells-SF-Agnieszka_Radwanska-Simona_Halep,1,nonSnV2nd,19,13,0,0,1,3,1,1,0,0,151
20140113-W-Australian_Open-R128-Ana_Konjuh-Na_Li,2,SnV,3,1,0,0,0,1,0,1,0,0,9
20140113-W-Australian_Open-R128-Ana_Konjuh-Na_Li,2,SnV1st,3,1,0,0,0,1,0,1,0,0,9
20140113-W-Australian_Open-R128-Ana_Konjuh-Na_Li,2,nonSnV,42,30,3,0,7,2,0,2,1,0,134
20140113-W-Australian_Open-R128-Ana_Konjuh-Na_Li,2,nonSnV1st,31,23,3,0,7,2,0,1,1,0,99
20140113-W-Australian_Open-R128-Ana_Konjuh-Na_Li,2,nonSnV2nd,11,7,0,0,0,0,0,1,0,0,35
20141018-W-Luxembourg-F-Barbora_Zahlavova_Strycova-Annika_Beck,1,SnV,6,4,0,0,0,3,1,0,2,0,20
20141018-W-Luxembourg-F-Barbora_Zahlavova_Strycova-Annika_Beck,1,SnV1st,6,4,0,0,0,3,1,0,2,0,20
20141018-W-Luxembourg-F-Barbora_Zahlavova_Strycova-Annika_Beck,1,nonSnV,55,21,1,0,3,7,0,1,2,3,387
20141018-W-Luxembourg-F-Barbora_Zahlavova_Strycova-Annika_Beck,1,nonSnV1st,35,16,1,0,3,6,0,1,1,2,238
20141018-W-Luxembourg-F-Barbora_Zahlavova_Strycova-Annika_Beck,1,nonSnV2nd,20,5,0,0,0,1,0,0,1,1,149
20141024-W-Singapore-RR-Ana_Ivanovic-Simona_Halep,1,SnV,1,0,0,0,0,0,0,1,0,0,2
20141024-W-Singapore-RR-Ana_Ivanovic-Simona_Halep,1,SnV1st,1,0,0,0,0,0,0,1,0,0,2
20141024-W-Singapore-RR-Ana_Ivanovic-Simona_Halep,1,nonSnV,99,63,2,0,11,14,4,2,3,0,419
20141024-W-Singapore-RR-Ana_Ivanovic-Simona_Halep,1,nonSnV1st,54,38,2,0,6,12,3,1,3,0,244
20141024-W-Singapore-RR-Ana_Ivanovic-Simona_Halep,1,nonSnV2nd,45,25,0,0,5,2,1,1,0,0,175
20140113-W-Australian_Open-R64-Alla_Kudryavtseva-Angelique_Kerber,2,SnV,1,0,0,0,0,0,0,1,0,0,2
20140113-W-Australian_Open-R64-Alla_Kudryavtseva-Angelique_Kerber,2,SnV1st,1,0,0,0,0,0,0,1,0,0,2
20140113-W-Australian_Open-R64-Alla_Kudryavtseva-Angelique_Kerber,2,nonSnV,47,35,3,3,13,1,0,0,1,0,131
20140113-W-Australian_Open-R64-Alla_Kudryavtseva-Angelique_Kerber,2,nonSnV1st,28,24,3,3,9,1,0,0,0,0,60
20140113-W-Australian_Open-R64-Alla_Kudryavtseva-Angelique_Kerber,2,nonSnV2nd,19,11,0,0,4,0,0,0,1,0,71
20140707-W-Sacramento_CA_50K-R32-Nicole_Gibbs-Alexandra_Stevenson,2,SnV,2,0,0,0,0,0,0,2,0,0,6
20140707-W-Sacramento_CA_50K-R32-Nicole_Gibbs-Alexandra_Stevenson,2,SnV1st,1,0,0,0,0,0,0,1,0,0,4
20140707-W-Sacramento_CA_50K-R32-Nicole_Gibbs-Alexandra_Stevenson,2,SnV2nd,1,0,0,0,0,0,0,1,0,0,2
20140707-W-Sacramento_CA_50K-R32-Nicole_Gibbs-Alexandra_Stevenson,2,nonSnV,41,22,3,0,6,2,0,1,2,0,150
20140707-W-Sacramento_CA_50K-R32-Nicole_Gibbs-Alexandra_Stevenson,2,nonSnV1st,24,16,3,0,4,2,0,1,1,0,74
20140707-W-Sacramento_CA_50K-R32-Nicole_Gibbs-Alexandra_Stevenson,2,nonSnV2nd,17,6,0,0,2,0,0,0,1,0,76
20120723-W-Baku-R32-Qiang_Wang-Mandy_Minella,2,SnV,1,1,0,0,0,1,0,0,0,0,3
20120723-W-Baku-R32-Qiang_Wang-Mandy_Minella,2,SnV1st,1,1,0,0,0,1,0,0,0,0,3
20120723-W-Baku-R32-Qiang_Wang-Mandy_Minella,2,nonSnV,95,56,0,3,14,8,0,2,1,0,496
20120723-W-Baku-R32-Qiang_Wang-Mandy_Minella,2,nonSnV1st,58,35,0,3,11,4,0,1,1,0,287
20120723-W-Baku-R32-Qiang_Wang-Mandy_Minella,2,nonSnV2nd,37,21,0,0,3,4,0,1,0,0,209
20141006-W-Linz-SF-Anna_Lena_Friedsam-Karolina_Pliskova,2,SnV,1,1,0,0,0,1,0,0,0,0,3
20141006-W-Linz-SF-Anna_Lena_Friedsam-Karolina_Pliskova,2,SnV1st,1,1,0,0,0,1,0,0,0,0,3
20141006-W-Linz-SF-Anna_Lena_Friedsam-Karolina_Pliskova,2,nonSnV,81,50,12,6,6,5,0,0,2,1,366
20141006-W-Linz-SF-Anna_Lena_Friedsam-Karolina_Pliskova,2,nonSnV1st,50,36,12,6,3,3,0,0,1,1,198
20141006-W-Linz-SF-Anna_Lena_Friedsam-Karolina_Pliskova,2,nonSnV2nd,31,14,0,0,3,2,0,0,1,0,168
20140908-W-Quebec_City-F-Mirjana_Lucic-Venus_Williams,2,SnV,2,2,0,0,0,2,0,0,0,0,8
20140908-W-Quebec_City-F-Mirjana_Lucic-Venus_Williams,2,SnV1st,2,2,0,0,0,2,0,0,0,0,8
20140908-W-Quebec_City-F-Mirjana_Lucic-Venus_Williams,2,nonSnV,65,32,5,2,8,0,1,0,0,0,214
20140908-W-Quebec_City-F-Mirjana_Lucic-Venus_Williams,2,nonSnV1st,35,21,5,2,6,0,1,0,0,0,97
20140908-W-Quebec_City-F-Mirjana_Lucic-Venus_Williams,2,nonSnV2nd,30,11,0,0,2,0,0,0,0,0,117
20141020-W-Macon_GA_50K-QF-Irina_Falconi-Madison_Brengle,1,SnV,1,0,0,0,0,0,0,0,0,0,2
20141020-W-Macon_GA_50K-QF-Irina_Falconi-Madison_Brengle,1,SnV1st,1,0,0,0,0,0,0,0,0,0,2
20141020-W-Macon_GA_50K-QF-Irina_Falconi-Madison_Brengle,1,nonSnV,52,34,0,0,3,7,0,2,4,0,374
20141020-W-Macon_GA_50K-QF-Irina_Falconi-Madison_Brengle,1,nonSnV1st,36,25,0,0,2,5,0,1,2,0,239
20141020-W-Macon_GA_50K-QF-Irina_Falconi-Madison_Brengle,1,nonSnV2nd,16,9,0,0,1,2,0,1,2,0,135
20141020-W-Macon_GA_50K-QF-Irina_Falconi-Madison_Brengle,2,SnV,1,0,0,0,0,0,0,0,0,0,2
20141020-W-Macon_GA_50K-QF-Irina_Falconi-Madison_Brengle,2,SnV1st,1,0,0,0,0,0,0,0,0,0,2
20141020-W-Macon_GA_50K-QF-Irina_Falconi-Madison_Brengle,2,nonSnV,54,26,0,1,7,3,0,0,5,1,372
20141020-W-Macon_GA_50K-QF-Irina_Falconi-Madison_Brengle,2,nonSnV1st,38,20,0,1,3,3,0,0,4,1,298
20141020-W-Macon_GA_50K-QF-Irina_Falconi-Madison_Brengle,2,nonSnV2nd,16,6,0,0,4,0,0,0,1,0,74
20140113-W-Australian_Open_Q-Q2-Carina_Witthoeft-Anastasia_Rodionova,1,SnV,1,1,0,0,0,1,0,0,0,0,3
20140113-W-Australian_Open_Q-Q2-Carina_Witthoeft-Anastasia_Rodionova,1,SnV1st,1,1,0,0,0,1,0,0,0,0,3
20140113-W-Australian_Open_Q-Q2-Carina_Witthoeft-Anastasia_Rodionova,1,nonSnV,63,42,2,4,13,0,0,0,1,0,284
20140113-W-Australian_Open_Q-Q2-Carina_Witthoeft-Anastasia_Rodionova,1,nonSnV1st,38,23,2,4,7,0,0,0,0,0,165
20140113-W-Australian_Open_Q-Q2-Carina_Witthoeft-Anastasia_Rodionova,1,nonSnV2nd,25,19,0,0,6,0,0,0,1,0,119
20140113-W-Australian_Open_Q-Q2-Carina_Witthoeft-Anastasia_Rodionova,2,SnV,1,1,0,0,0,0,1,0,0,0,3
20140113-W-Australian_Open_Q-Q2-Carina_Witthoeft-Anastasia_Rodionova,2,SnV1st,1,1,0,0,0,0,1,0,0,0,3
20140113-W-Australian_Open_Q-Q2-Carina_Witthoeft-Anastasia_Rodionova,2,nonSnV,56,30,1,3,11,0,0,0,0,0,252
20140113-W-Australian_Open_Q-Q2-Carina_Witthoeft-Anastasia_Rodionova,2,nonSnV1st,34,21,1,2,9,0,0,0,0,0,137
20140113-W-Australian_Open_Q-Q2-Carina_Witthoeft-Anastasia_Rodionova,2,nonSnV2nd,22,9,0,1,2,0,0,0,0,0,115
20140601-W-Roland_Garros-R16-Pauline_Parmentier-Garbine_Muguruza,2,SnV,1,1,0,0,0,1,0,0,0,0,5
20140601-W-Roland_Garros-R16-Pauline_Parmentier-Garbine_Muguruza,2,SnV1st,1,1,0,0,0,1,0,0,0,0,5
20140601-W-Roland_Garros-R16-Pauline_Parmentier-Garbine_Muguruza,2,nonSnV,45,31,0,1,9,5,1,1,2,1,237
20140601-W-Roland_Garros-R16-Pauline_Parmentier-Garbine_Muguruza,2,nonSnV1st,29,22,0,1,7,4,1,1,2,0,152
20140601-W-Roland_Garros-R16-Pauline_Parmentier-Garbine_Muguruza,2,nonSnV2nd,16,9,0,0,2,1,0,0,0,1,85
20140616-W-Eastbourne-R32-Caroline_Wozniacki-Samantha_Stosur,2,SnV,4,2,0,0,0,2,0,1,0,1,14
20140616-W-Eastbourne-R32-Caroline_Wozniacki-Samantha_Stosur,2,SnV1st,4,2,0,0,0,2,0,1,0,1,14
20140616-W-Eastbourne-R32-Caroline_Wozniacki-Samantha_Stosur,2,nonSnV,60,34,3,2,7,5,2,0,3,0,258
20140616-W-Eastbourne-R32-Caroline_Wozniacki-Samantha_Stosur,2,nonSnV1st,41,27,3,2,5,4,2,0,3,0,147
20140616-W-Eastbourne-R32-Caroline_Wozniacki-Samantha_Stosur,2,nonSnV2nd,19,7,0,0,2,1,0,0,0,0,111
20140620-W-Eastbourne-SF-Madison_Keys-Heather_Watson,1,SnV,1,1,0,0,0,1,0,0,0,0,3
20140620-W-Eastbourne-SF-Madison_Keys-Heather_Watson,1,SnV1st,1,1,0,0,0,1,0,0,0,0,3
20140620-W-Eastbourne-SF-Madison_Keys-Heather_Watson,1,nonSnV,48,35,5,8,11,1,0,0,1,0,121
20140620-W-Eastbourne-SF-Madison_Keys-Heather_Watson,1,nonSnV1st,25,20,5,8,3,1,0,0,0,0,48
20140620-W-Eastbourne-SF-Madison_Keys-Heather_Watson,1,nonSnV2nd,23,15,0,0,8,0,0,0,1,0,73
20140114-W-Australian_Open-R128-Simona_Halep-Katarzyna_Piter,2,SnV,1,1,0,0,0,1,0,0,0,0,3
20140114-W-Australian_Open-R128-Simona_Halep-Katarzyna_Piter,2,SnV1st,1,1,0,0,0,1,0,0,0,0,3
20140114-W-Australian_Open-R128-Simona_Halep-Katarzyna_Piter,2,nonSnV,31,12,1,0,4,1,2,0,1,0,156
20140114-W-Australian_Open-R128-Simona_Halep-Katarzyna_Piter,2,nonSnV1st,26,11,1,0,4,1,2,0,1,0,119
20140114-W-Australian_Open-R128-Simona_Halep-Katarzyna_Piter,2,nonSnV2nd,5,1,0,0,0,0,0,0,0,0,37
20090511-W-Madrid-SF-Patty_Schnyder-Dinara_Safina,1,SnV,1,1,0,0,0,1,0,0,0,0,3
20090511-W-Madrid-SF-Patty_Schnyder-Dinara_Safina,1,SnV1st,1,1,0,0,0,1,0,0,0,0,3
20090511-W-Madrid-SF-Patty_Schnyder-Dinara_Safina,1,nonSnV,59,29,1,3,6,3,1,0,3,1,229
20090511-W-Madrid-SF-Patty_Schnyder-Dinara_Safina,1,nonSnV1st,38,21,1,1,4,3,1,0,1,1,165
20090511-W-Madrid-SF-Patty_Schnyder-Dinara_Safina,1,nonSnV2nd,21,8,0,2,2,0,0,0,2,0,64
19811130-W-Australian_Open-F-Martina_Navratilova-Chris_Evert,1,SnV,56,32,0,0,10,13,8,11,2,0,156
19811130-W-Australian_Open-F-Martina_Navratilova-Chris_Evert,1,SnV1st,49,29,0,0,9,12,8,10,2,0,139
19811130-W-Australian_Open-F-Martina_Navratilova-Chris_Evert,1,SnV2nd,7,3,0,0,1,1,0,1,0,0,17
19811130-W-Australian_Open-F-Martina_Navratilova-Chris_Evert,1,nonSnV,56,29,1,6,4,6,2,2,4,0,293
19811130-W-Australian_Open-F-Martina_Navratilova-Chris_Evert,1,nonSnV1st,25,19,1,6,4,4,2,1,2,0,97
19811130-W-Australian_Open-F-Martina_Navratilova-Chris_Evert,1,nonSnV2nd,31,10,0,0,0,2,0,1,2,0,196
20141026-W-Singapore-F-Serena_Williams-Simona_Halep,1,SnV,1,1,0,0,0,1,0,0,0,0,5
20141026-W-Singapore-F-Serena_Williams-Simona_Halep,1,SnV1st,1,1,0,0,0,1,0,0,0,0,5
20141026-W-Singapore-F-Serena_Williams-Simona_Halep,1,nonSnV,45,30,4,0,5,7,2,2,1,0,172
20141026-W-Singapore-F-Serena_Williams-Simona_Halep,1,nonSnV1st,30,22,4,0,5,7,2,2,1,0,104
20141026-W-Singapore-F-Serena_Williams-Simona_Halep,1,nonSnV2nd,15,8,0,0,0,0,0,0,0,0,68
20141026-W-Singapore-F-Serena_Williams-Simona_Halep,2,SnV,1,1,0,0,1,0,0,0,0,0,1
20141026-W-Singapore-F-Serena_Williams-Simona_Halep,2,SnV1st,1,1,0,0,1,0,0,0,0,0,1
20141026-W-Singapore-F-Serena_Williams-Simona_Halep,2,nonSnV,47,20,2,0,6,0,0,0,2,0,182
20141026-W-Singapore-F-Serena_Williams-Simona_Halep,2,nonSnV1st,27,12,2,0,4,0,0,0,0,0,110
20141026-W-Singapore-F-Serena_Williams-Simona_Halep,2,nonSnV2nd,20,8,0,0,2,0,0,0,2,0,72
20140125-W-Australian_Open-F-Dominika_Cibulkova-Na_Li,2,SnV,1,0,0,0,0,0,0,0,1,0,6
20140125-W-Australian_Open-F-Dominika_Cibulkova-Na_Li,2,SnV1st,1,0,0,0,0,0,0,0,1,0,6
20140125-W-Australian_Open-F-Dominika_Cibulkova-Na_Li,2,nonSnV,56,36,2,0,4,4,0,0,0,1,274
20140125-W-Australian_Open-F-Dominika_Cibulkova-Na_Li,2,nonSnV1st,35,21,2,0,3,4,0,0,0,0,161
20140125-W-Australian_Open-F-Dominika_Cibulkova-Na_Li,2,nonSnV2nd,21,15,0,0,1,0,0,0,0,1,113
20040815-W-Olympics-F-Amelie_Mauresmo-Justine_Henin,1,SnV,1,0,0,0,0,0,0,0,0,0,2
20040815-W-Olympics-F-Amelie_Mauresmo-Justine_Henin,1,SnV1st,1,0,0,0,0,0,0,0,0,0,2
20040815-W-Olympics-F-Amelie_Mauresmo-Justine_Henin,1,nonSnV,59,35,4,2,13,1,1,1,0,1,255
20040815-W-Olympics-F-Amelie_Mauresmo-Justine_Henin,1,nonSnV1st,41,25,4,2,7,1,1,1,0,1,167
20040815-W-Olympics-F-Amelie_Mauresmo-Justine_Henin,1,nonSnV2nd,18,10,0,0,6,0,0,0,0,0,88
20040815-W-Olympics-F-Amelie_Mauresmo-Justine_Henin,2,SnV,2,1,0,0,0,0,1,0,1,0,9
20040815-W-Olympics-F-Amelie_Mauresmo-Justine_Henin,2,SnV1st,2,1,0,0,0,0,1,0,1,0,9
20040815-W-Olympics-F-Amelie_Mauresmo-Justine_Henin,2,nonSnV,47,36,1,6,7,5,1,0,2,0,198
20040815-W-Olympics-F-Amelie_Mauresmo-Justine_Henin,2,nonSnV1st,32,27,1,6,6,3,1,0,1,0,117
20040815-W-Olympics-F-Amelie_Mauresmo-Justine_Henin,2,nonSnV2nd,15,9,0,0,1,2,0,0,1,0,81
20130508-W-Madrid-R32-Serena_Williams-Lourdes_Dominguez_Lino,1,SnV,1,0,0,0,0,0,0,0,1,0,4
20130508-W-Madrid-R32-Serena_Williams-Lourdes_Dominguez_Lino,1,SnV1st,1,0,0,0,0,0,0,0,1,0,4
20130508-W-Madrid-R32-Serena_Williams-Lourdes_Dominguez_Lino,1,nonSnV,60,39,2,0,8,8,3,0,1,0,335
20130508-W-Madrid-R32-Serena_Williams-Lourdes_Dominguez_Lino,1,nonSnV1st,39,28,2,0,7,4,1,0,0,0,186
20130508-W-Madrid-R32-Serena_Williams-Lourdes_Dominguez_Lino,1,nonSnV2nd,21,11,0,0,1,4,2,0,1,0,149
20140929-W-Beijing-R16-Barbora_Zahlavova_Strycova-Simona_Halep,1,SnV,1,0,0,0,0,0,0,0,0,0,2
20140929-W-Beijing-R16-Barbora_Zahlavova_Strycova-Simona_Halep,1,SnV1st,1,0,0,0,0,0,0,0,0,0,2
20140929-W-Beijing-R16-Barbora_Zahlavova_Strycova-Simona_Halep,1,nonSnV,53,28,0,0,9,3,1,0,2,1,276
20140929-W-Beijing-R16-Barbora_Zahlavova_Strycova-Simona_Halep,1,nonSnV1st,32,18,0,0,8,3,1,0,2,0,176
20140929-W-Beijing-R16-Barbora_Zahlavova_Strycova-Simona_Halep,1,nonSnV2nd,21,10,0,0,1,0,0,0,0,1,100
20131031-W-Sofia-RR-Simona_Halep-Elina_Svitolina,2,SnV,1,1,0,0,0,0,1,0,0,0,3
20131031-W-Sofia-RR-Simona_Halep-Elina_Svitolina,2,SnV1st,1,1,0,0,0,0,1,0,0,0,3
20131031-W-Sofia-RR-Simona_Halep-Elina_Svitolina,2,nonSnV,38,11,0,0,2,0,1,1,1,1,191
20131031-W-Sofia-RR-Simona_Halep-Elina_Svitolina,2,nonSnV1st,23,6,0,0,2,0,0,1,1,1,108
20131031-W-Sofia-RR-Simona_Halep-Elina_Svitolina,2,nonSnV2nd,15,5,0,0,0,0,1,0,0,0,83
20111013-W-Linz-R16-Patricia_Mayr_Achleitner-Petra_Kvitova,2,SnV,1,0,0,0,0,0,0,0,0,0,2
20111013-W-Linz-R16-Patricia_Mayr_Achleitner-Petra_Kvitova,2,SnV1st,1,0,0,0,0,0,0,0,0,0,2
20111013-W-Linz-R16-Patricia_Mayr_Achleitner-Petra_Kvitova,2,nonSnV,52,35,7,1,11,9,0,1,2,1,161
20111013-W-Linz-R16-Patricia_Mayr_Achleitner-Petra_Kvitova,2,nonSnV1st,40,26,7,1,7,5,0,1,2,1,122
20111013-W-Linz-R16-Patricia_Mayr_Achleitner-Petra_Kvitova,2,nonSnV2nd,12,9,0,0,4,4,0,0,0,0,39
20140408-W-Katowice-R32-Agnieszka_Radwanska-Kristyna_Pliskova,1,SnV,2,2,0,0,0,2,0,0,0,0,8
20140408-W-Katowice-R32-Agnieszka_Radwanska-Kristyna_Pliskova,1,SnV1st,2,2,0,0,0,2,0,0,0,0,8
20140408-W-Katowice-R32-Agnieszka_Radwanska-Kristyna_Pliskova,1,nonSnV,49,37,4,1,8,4,2,0,5,0,185
20140408-W-Katowice-R32-Agnieszka_Radwanska-Kristyna_Pliskova,1,nonSnV1st,28,22,4,1,7,4,1,0,3,0,106
20140408-W-Katowice-R32-Agnieszka_Radwanska-Kristyna_Pliskova,1,nonSnV2nd,21,15,0,0,1,0,1,0,2,0,79
20140408-W-Katowice-R32-Agnieszka_Radwanska-Kristyna_Pliskova,2,SnV,1,0,0,0,0,0,0,0,0,0,2
20140408-W-Katowice-R32-Agnieszka_Radwanska-Kristyna_Pliskova,2,SnV1st,1,0,0,0,0,0,0,0,0,0,2
20140408-W-Katowice-R32-Agnieszka_Radwanska-Kristyna_Pliskova,2,nonSnV,52,29,4,1,3,5,1,2,2,3,235
20140408-W-Katowice-R32-Agnieszka_Radwanska-Kristyna_Pliskova,2,nonSnV1st,24,12,3,1,2,3,1,2,2,2,94
20140408-W-Katowice-R32-Agnieszka_Radwanska-Kristyna_Pliskova,2,nonSnV2nd,28,17,1,0,1,2,0,0,0,1,141
20140802-W-Stanford-SF-Serena_Williams-Andrea_Petkovic,1,SnV,1,1,0,0,0,0,1,0,0,0,3
20140802-W-Stanford-SF-Serena_Williams-Andrea_Petkovic,1,SnV1st,1,1,0,0,0,0,1,0,0,0,3
20140802-W-Stanford-SF-Serena_Williams-Andrea_Petkovic,1,nonSnV,53,39,6,2,8,2,1,2,0,0,185
20140802-W-Stanford-SF-Serena_Williams-Andrea_Petkovic,1,nonSnV1st,31,25,6,2,5,1,1,1,0,0,105
20140802-W-Stanford-SF-Serena_Williams-Andrea_Petkovic,1,nonSnV2nd,22,14,0,0,3,1,0,1,0,0,80
20140916-W-Tokyo-R32-Elina_Svitolina-Barbora_Zahlavova_Strycova,2,SnV,1,0,0,0,0,0,0,0,1,0,6
20140916-W-Tokyo-R32-Elina_Svitolina-Barbora_Zahlavova_Strycova,2,SnV2nd,1,0,0,0,0,0,0,0,1,0,6
20140916-W-Tokyo-R32-Elina_Svitolina-Barbora_Zahlavova_Strycova,2,nonSnV,65,32,0,1,6,9,3,1,3,0,352
20140916-W-Tokyo-R32-Elina_Svitolina-Barbora_Zahlavova_Strycova,2,nonSnV1st,40,22,0,1,5,8,3,0,2,0,188
20140916-W-Tokyo-R32-Elina_Svitolina-Barbora_Zahlavova_Strycova,2,nonSnV2nd,25,10,0,0,1,1,0,1,1,0,164
20150107-W-Auckland-R16-Caroline_Wozniacki-Taylor_Townsend,2,SnV,1,0,0,0,0,0,0,0,0,0,2
20150107-W-Auckland-R16-Caroline_Wozniacki-Taylor_Townsend,2,SnV1st,1,0,0,0,0,0,0,0,0,0,2
20150107-W-Auckland-R16-Caroline_Wozniacki-Taylor_Townsend,2,nonSnV,54,29,2,2,7,7,1,3,0,0,229
20150107-W-Auckland-R16-Caroline_Wozniacki-Taylor_Townsend,2,nonSnV1st,35,19,2,1,5,5,0,3,0,0,143
20150107-W-Auckland-R16-Caroline_Wozniacki-Taylor_Townsend,2,nonSnV2nd,19,10,0,1,2,2,1,0,0,0,86
20150119-W-Australian_Open-R128-Magdalena_Rybarikova-Ana_Konjuh,1,SnV,5,2,0,0,0,0,2,0,2,1,18
20150119-W-Australian_Open-R128-Magdalena_Rybarikova-Ana_Konjuh,1,SnV1st,5,2,0,0,0,0,2,0,2,1,18
20150119-W-Australian_Open-R128-Magdalena_Rybarikova-Ana_Konjuh,1,nonSnV,51,33,6,2,3,2,0,0,3,0,199
20150119-W-Australian_Open-R128-Magdalena_Rybarikova-Ana_Konjuh,1,nonSnV1st,34,26,6,2,3,2,0,0,3,0,120
20150119-W-Australian_Open-R128-Magdalena_Rybarikova-Ana_Konjuh,1,nonSnV2nd,17,7,0,0,0,0,0,0,0,0,79
20150123-W-Australian_Open-R32-Bethanie_Mattek_Sands-Simona_Halep,1,SnV,1,0,0,0,0,0,0,1,0,0,4
20150123-W-Australian_Open-R32-Bethanie_Mattek_Sands-Simona_Halep,1,SnV1st,1,0,0,0,0,0,0,1,0,0,4
20150123-W-Australian_Open-R32-Bethanie_Mattek_Sands-Simona_Halep,1,nonSnV,70,41,2,0,7,7,4,0,2,2,335
20150123-W-Australian_Open-R32-Bethanie_Mattek_Sands-Simona_Halep,1,nonSnV1st,42,27,2,0,5,5,3,0,1,1,195
20150123-W-Australian_Open-R32-Bethanie_Mattek_Sands-Simona_Halep,1,nonSnV2nd,28,14,0,0,2,2,1,0,1,1,140
20150122-W-Australian_Open-R64-Serena_Williams-Vera_Zvonareva,2,SnV,4,3,0,0,2,1,0,0,0,0,7
20150122-W-Australian_Open-R64-Serena_Williams-Vera_Zvonareva,2,SnV1st,4,3,0,0,2,1,0,0,0,0,7
20150122-W-Australian_Open-R64-Serena_Williams-Vera_Zvonareva,2,nonSnV,61,27,2,0,4,4,1,0,1,0,309
20150122-W-Australian_Open-R64-Serena_Williams-Vera_Zvonareva,2,nonSnV1st,36,17,2,0,4,2,1,0,1,0,167
20150122-W-Australian_Open-R64-Serena_Williams-Vera_Zvonareva,2,nonSnV2nd,25,10,0,0,0,2,0,0,0,0,142
20150122-W-Australian_Open-R64-Samantha_Stosur-Coco_Vandeweghe,2,SnV,3,1,0,0,0,1,0,1,0,0,7
20150122-W-Australian_Open-R64-Samantha_Stosur-Coco_Vandeweghe,2,SnV1st,3,1,0,0,0,1,0,1,0,0,7
20150122-W-Australian_Open-R64-Samantha_Stosur-Coco_Vandeweghe,2,nonSnV,49,39,11,2,11,2,0,1,0,1,131
20150122-W-Australian_Open-R64-Samantha_Stosur-Coco_Vandeweghe,2,nonSnV1st,29,27,10,2,11,1,0,1,0,0,45
20150122-W-Australian_Open-R64-Samantha_Stosur-Coco_Vandeweghe,2,nonSnV2nd,20,12,1,0,0,1,0,0,0,1,86
20150209-W-Antwerp-Q3-Kateryna_Bondarenko-Dinah_Pfizenmaier,2,SnV,1,1,0,0,0,0,1,0,0,0,3
20150209-W-Antwerp-Q3-Kateryna_Bondarenko-Dinah_Pfizenmaier,2,SnV1st,1,1,0,0,0,0,1,0,0,0,3
20150209-W-Antwerp-Q3-Kateryna_Bondarenko-Dinah_Pfizenmaier,2,nonSnV,41,16,1,1,5,0,1,1,2,1,218
20150209-W-Antwerp-Q3-Kateryna_Bondarenko-Dinah_Pfizenmaier,2,nonSnV1st,22,12,1,1,5,0,1,0,1,1,110
20150209-W-Antwerp-Q3-Kateryna_Bondarenko-Dinah_Pfizenmaier,2,nonSnV2nd,19,4,0,0,0,0,0,1,1,0,108
20150213-W-Antwerp-QF-Mona_Barthel-Barbora_Zahlavova_Strycova,1,SnV,1,1,0,0,0,1,0,0,0,0,3
20150213-W-Antwerp-QF-Mona_Barthel-Barbora_Zahlavova_Strycova,1,SnV1st,1,1,0,0,0,1,0,0,0,0,3
20150213-W-Antwerp-QF-Mona_Barthel-Barbora_Zahlavova_Strycova,1,nonSnV,44,22,0,0,5,1,0,1,2,0,232
20150213-W-Antwerp-QF-Mona_Barthel-Barbora_Zahlavova_Strycova,1,nonSnV1st,27,12,0,0,5,0,0,0,1,0,102
20150213-W-Antwerp-QF-Mona_Barthel-Barbora_Zahlavova_Strycova,1,nonSnV2nd,17,10,0,0,0,1,0,1,1,0,130
20150216-W-Dubai-R32-Caroline_Wozniacki-Samantha_Stosur,1,SnV,1,1,0,0,0,1,0,0,0,0,3
20150216-W-Dubai-R32-Caroline_Wozniacki-Samantha_Stosur,1,SnV1st,1,1,0,0,0,1,0,0,0,0,3
20150216-W-Dubai-R32-Caroline_Wozniacki-Samantha_Stosur,1,nonSnV,99,56,0,0,12,2,0,1,1,0,622
20150216-W-Dubai-R32-Caroline_Wozniacki-Samantha_Stosur,1,nonSnV1st,67,38,0,0,8,2,0,0,1,0,438
20150216-W-Dubai-R32-Caroline_Wozniacki-Samantha_Stosur,1,nonSnV2nd,32,18,0,0,4,0,0,1,0,0,184
20140214-W-Doha-QF-Sara_Errani-Simona_Halep,1,SnV,1,1,0,0,0,1,0,0,0,0,3
20140214-W-Doha-QF-Sara_Errani-Simona_Halep,1,SnV1st,1,1,0,0,0,1,0,0,0,0,3
20140214-W-Doha-QF-Sara_Errani-Simona_Halep,1,nonSnV,32,12,0,0,0,2,0,0,1,1,166
20140214-W-Doha-QF-Sara_Errani-Simona_Halep,1,nonSnV1st,24,9,0,0,0,1,0,0,0,1,119
20140214-W-Doha-QF-Sara_Errani-Simona_Halep,1,nonSnV2nd,8,3,0,0,0,1,0,0,1,0,47
20150304-W-Monterrey-R16-Timea_Babos-Sara_Errani,1,SnV,2,2,0,0,0,2,0,0,0,0,12
20150304-W-Monterrey-R16-Timea_Babos-Sara_Errani,1,SnV1st,2,2,0,0,0,2,0,0,0,0,12
20150304-W-Monterrey-R16-Timea_Babos-Sara_Errani,1,nonSnV,42,17,2,0,5,4,0,1,1,2,169
20150304-W-Monterrey-R16-Timea_Babos-Sara_Errani,1,nonSnV1st,27,11,2,0,3,2,0,0,1,1,111
20150304-W-Monterrey-R16-Timea_Babos-Sara_Errani,1,nonSnV2nd,15,6,0,0,2,2,0,1,0,1,58
20150314-W-Indian_Wells-R64-Sesil_Karatantcheva-Coco_Vandeweghe,2,SnV,3,1,0,0,1,0,0,0,0,0,9
20150314-W-Indian_Wells-R64-Sesil_Karatantcheva-Coco_Vandeweghe,2,SnV1st,3,1,0,0,1,0,0,0,0,0,9
20150314-W-Indian_Wells-R64-Sesil_Karatantcheva-Coco_Vandeweghe,2,nonSnV,42,30,2,3,11,0,3,1,0,1,146
20150314-W-Indian_Wells-R64-Sesil_Karatantcheva-Coco_Vandeweghe,2,nonSnV1st,29,21,2,2,9,0,1,0,0,1,93
20150314-W-Indian_Wells-R64-Sesil_Karatantcheva-Coco_Vandeweghe,2,nonSnV2nd,13,9,0,1,2,0,2,1,0,0,53
20150307-W-Monterrey-SF-Caroline_Garcia-Ana_Ivanovic,2,SnV,1,1,0,0,0,0,1,0,0,0,3
20150307-W-Monterrey-SF-Caroline_Garcia-Ana_Ivanovic,2,SnV1st,1,1,0,0,0,0,1,0,0,0,3
20150307-W-Monterrey-SF-Caroline_Garcia-Ana_Ivanovic,2,nonSnV,39,23,2,3,3,2,0,1,2,0,145
20150307-W-Monterrey-SF-Caroline_Garcia-Ana_Ivanovic,2,nonSnV1st,27,18,2,3,2,2,0,0,1,0,98
20150307-W-Monterrey-SF-Caroline_Garcia-Ana_Ivanovic,2,nonSnV2nd,12,5,0,0,1,0,0,1,1,0,47
20150313-W-Indian_Wells-R64-Daria_Gavrilova-Simona_Halep,1,SnV,1,0,0,0,0,0,0,0,1,0,4
20150313-W-Indian_Wells-R64-Daria_Gavrilova-Simona_Halep,1,SnV1st,1,0,0,0,0,0,0,0,1,0,4
20150313-W-Indian_Wells-R64-Daria_Gavrilova-Simona_Halep,1,nonSnV,76,42,2,0,14,2,1,2,2,0,298
20150313-W-Indian_Wells-R64-Daria_Gavrilova-Simona_Halep,1,nonSnV1st,49,27,2,0,9,1,0,2,2,0,181
20150313-W-Indian_Wells-R64-Daria_Gavrilova-Simona_Halep,1,nonSnV2nd,27,15,0,0,5,1,1,0,0,0,117
20150315-W-Indian_Wells-R32-Simona_Halep-Varvara_Lepchenko,1,SnV,1,1,0,0,0,1,0,0,0,0,5
20150315-W-Indian_Wells-R32-Simona_Halep-Varvara_Lepchenko,1,SnV1st,1,1,0,0,0,1,0,0,0,0,5
20150315-W-Indian_Wells-R32-Simona_Halep-Varvara_Lepchenko,1,nonSnV,88,57,1,0,11,2,0,0,0,0,405
20150315-W-Indian_Wells-R32-Simona_Halep-Varvara_Lepchenko,1,nonSnV1st,51,32,1,0,9,2,0,0,0,0,236
20150315-W-Indian_Wells-R32-Simona_Halep-Varvara_Lepchenko,1,nonSnV2nd,37,25,0,0,2,0,0,0,0,0,169
20150314-W-Indian_Wells-R64-Kirsten_Flipkens-Victoria_Azarenka,1,SnV,2,2,0,0,0,2,0,0,0,0,6
20150314-W-Indian_Wells-R64-Kirsten_Flipkens-Victoria_Azarenka,1,SnV1st,2,2,0,0,0,2,0,0,0,0,6
20150314-W-Indian_Wells-R64-Kirsten_Flipkens-Victoria_Azarenka,1,nonSnV,65,29,5,2,8,2,0,1,2,3,243
20150314-W-Indian_Wells-R64-Kirsten_Flipkens-Victoria_Azarenka,1,nonSnV1st,38,20,5,2,5,2,0,1,2,3,154
20150314-W-Indian_Wells-R64-Kirsten_Flipkens-Victoria_Azarenka,1,nonSnV2nd,27,9,0,0,3,0,0,0,0,0,89
20150322-W-Indian_Wells-F-Simona_Halep-Jelena_Jankovic,2,SnV,1,1,0,0,1,0,0,0,0,0,1
20150322-W-Indian_Wells-F-Simona_Halep-Jelena_Jankovic,2,SnV1st,1,1,0,0,1,0,0,0,0,0,1
20150322-W-Indian_Wells-F-Simona_Halep-Jelena_Jankovic,2,nonSnV,83,43,2,1,9,7,2,0,6,1,565
20150322-W-Indian_Wells-F-Simona_Halep-Jelena_Jankovic,2,nonSnV1st,53,30,2,1,7,5,2,0,3,0,340
20150322-W-Indian_Wells-F-Simona_Halep-Jelena_Jankovic,2,nonSnV2nd,30,13,0,0,2,2,0,0,3,1,225
20150316-W-Indian_Wells-R32-Eugenie_Bouchard-Coco_Vandeweghe,2,SnV,3,2,0,0,0,1,0,0,0,0,8
20150316-W-Indian_Wells-R32-Eugenie_Bouchard-Coco_Vandeweghe,2,SnV1st,2,2,0,0,0,1,0,0,0,0,6
20150316-W-Indian_Wells-R32-Eugenie_Bouchard-Coco_Vandeweghe,2,SnV2nd,1,0,0,0,0,0,0,0,0,0,2
20150316-W-Indian_Wells-R32-Eugenie_Bouchard-Coco_Vandeweghe,2,nonSnV,38,23,3,3,4,4,0,0,2,0,117
20150316-W-Indian_Wells-R32-Eugenie_Bouchard-Coco_Vandeweghe,2,nonSnV1st,22,12,3,3,3,1,0,0,2,0,70
20150316-W-Indian_Wells-R32-Eugenie_Bouchard-Coco_Vandeweghe,2,nonSnV2nd,16,11,0,0,1,3,0,0,0,0,47
20150330-W-Miami-R16-Agnieszka_Radwanska-Carla_Suarez_Navarro,1,SnV,4,3,0,0,2,1,0,0,0,1,9
20150330-W-Miami-R16-Agnieszka_Radwanska-Carla_Suarez_Navarro,1,SnV1st,4,3,0,0,2,1,0,0,0,1,9
20150330-W-Miami-R16-Agnieszka_Radwanska-Carla_Suarez_Navarro,1,nonSnV,85,40,3,1,6,6,3,1,8,2,496
20150330-W-Miami-R16-Agnieszka_Radwanska-Carla_Suarez_Navarro,1,nonSnV1st,54,34,3,1,6,6,3,1,5,1,308
20150330-W-Miami-R16-Agnieszka_Radwanska-Carla_Suarez_Navarro,1,nonSnV2nd,31,6,0,0,0,0,0,0,3,1,188
20150408-W-Charleston-R32-Kateryna_Bondarenko-Madison_Keys,2,SnV,1,1,0,0,0,1,0,0,0,0,3
20150408-W-Charleston-R32-Kateryna_Bondarenko-Madison_Keys,2,SnV1st,1,1,0,0,0,1,0,0,0,0,3
20150408-W-Charleston-R32-Kateryna_Bondarenko-Madison_Keys,2,nonSnV,39,30,5,6,7,1,0,0,0,0,100
20150408-W-Charleston-R32-Kateryna_Bondarenko-Madison_Keys,2,nonSnV1st,25,22,5,6,6,0,0,0,0,0,48
20150408-W-Charleston-R32-Kateryna_Bondarenko-Madison_Keys,2,nonSnV2nd,14,8,0,0,1,1,0,0,0,0,52
20150105-W-Brisbane-R32-Elina_Svitolina-Magdalena_Rybarikova,2,SnV,4,1,0,0,0,0,1,3,0,0,9
20150105-W-Brisbane-R32-Elina_Svitolina-Magdalena_Rybarikova,2,SnV1st,4,1,0,0,0,0,1,3,0,0,9
20150105-W-Brisbane-R32-Elina_Svitolina-Magdalena_Rybarikova,2,nonSnV,52,26,3,2,3,3,1,1,3,0,206
20150105-W-Brisbane-R32-Elina_Svitolina-Magdalena_Rybarikova,2,nonSnV1st,27,17,3,2,3,1,1,0,3,0,97
20150105-W-Brisbane-R32-Elina_Svitolina-Magdalena_Rybarikova,2,nonSnV2nd,25,9,0,0,0,2,0,1,0,0,109
20150418-W-Fed_Cup_World_Group_PO-RR-Agnieszka_Radwanska-Martina_Hingis,2,SnV,5,4,0,0,0,0,4,0,0,0,16
20150418-W-Fed_Cup_World_Group_PO-RR-Agnieszka_Radwanska-Martina_Hingis,2,SnV1st,5,4,0,0,0,0,4,0,0,0,16
20150418-W-Fed_Cup_World_Group_PO-RR-Agnieszka_Radwanska-Martina_Hingis,2,nonSnV,51,17,0,0,1,5,2,4,3,1,343
20150418-W-Fed_Cup_World_Group_PO-RR-Agnieszka_Radwanska-Martina_Hingis,2,nonSnV1st,32,11,0,0,1,4,0,2,1,1,225
20150418-W-Fed_Cup_World_Group_PO-RR-Agnieszka_Radwanska-Martina_Hingis,2,nonSnV2nd,19,6,0,0,0,1,2,2,2,0,118
20150209-W-Fed_Cup_World_Group_II-RR-Coco_Vandeweghe-Paula_Ormaechea,1,SnV,6,3,1,1,1,0,0,3,0,0,9
20150209-W-Fed_Cup_World_Group_II-RR-Coco_Vandeweghe-Paula_Ormaechea,1,SnV1st,6,3,1,1,1,0,0,3,0,0,9
20150209-W-Fed_Cup_World_Group_II-RR-Coco_Vandeweghe-Paula_Ormaechea,1,nonSnV,57,32,6,0,10,4,2,0,1,0,208
20150209-W-Fed_Cup_World_Group_II-RR-Coco_Vandeweghe-Paula_Ormaechea,1,nonSnV1st,24,17,5,0,7,1,1,0,0,0,61
20150209-W-Fed_Cup_World_Group_II-RR-Coco_Vandeweghe-Paula_Ormaechea,1,nonSnV2nd,33,15,1,0,3,3,1,0,1,0,147
20150421-W-Stuttgart-R32-Petra_Martic-Marina_Melnikova,1,SnV,1,0,0,0,0,0,0,0,0,0,2
20150421-W-Stuttgart-R32-Petra_Martic-Marina_Melnikova,1,SnV1st,1,0,0,0,0,0,0,0,0,0,2
20150421-W-Stuttgart-R32-Petra_Martic-Marina_Melnikova,1,nonSnV,52,30,6,0,8,2,1,3,3,0,140
20150421-W-Stuttgart-R32-Petra_Martic-Marina_Melnikova,1,nonSnV1st,33,22,6,0,5,2,1,2,3,0,88
20150421-W-Stuttgart-R32-Petra_Martic-Marina_Melnikova,1,nonSnV2nd,19,8,0,0,3,0,0,1,0,0,52
20150503-W-ITF_Wiesbaden-F-Tereza_Martincova-Anastasija_Sevastova,2,SnV,1,1,0,0,0,1,0,0,0,0,3
20150503-W-ITF_Wiesbaden-F-Tereza_Martincova-Anastasija_Sevastova,2,SnV1st,1,1,0,0,0,1,0,0,0,0,3
20150503-W-ITF_Wiesbaden-F-Tereza_Martincova-Anastasija_Sevastova,2,nonSnV,47,31,6,1,7,1,1,0,0,0,149
20150503-W-ITF_Wiesbaden-F-Tereza_Martincova-Anastasija_Sevastova,2,nonSnV1st,36,26,6,1,7,1,1,0,0,0,116
20150503-W-ITF_Wiesbaden-F-Tereza_Martincova-Anastasija_Sevastova,2,nonSnV2nd,11,5,0,0,0,0,0,0,0,0,33
20150530-W-Roland_Garros-R32-Victoria_Azarenka-Serena_Williams,1,SnV,1,1,0,0,0,1,0,0,0,0,3
20150530-W-Roland_Garros-R32-Victoria_Azarenka-Serena_Williams,1,SnV1st,1,1,0,0,0,1,0,0,0,0,3
20150530-W-Roland_Garros-R32-Victoria_Azarenka-Serena_Williams,1,nonSnV,89,47,3,0,14,3,1,0,2,0,303
20150530-W-Roland_Garros-R32-Victoria_Azarenka-Serena_Williams,1,nonSnV1st,61,35,3,0,14,3,1,0,1,0,197
20150530-W-Roland_Garros-R32-Victoria_Azarenka-Serena_Williams,1,nonSnV2nd,28,12,0,0,0,0,0,0,1,0,106
20150608-W-s_Hertogenbosch-R32-Michaella_Krajicek-Oceane_Dodin,1,SnV,2,2,0,0,0,2,0,0,0,0,8
20150608-W-s_Hertogenbosch-R32-Michaella_Krajicek-Oceane_Dodin,1,SnV1st,2,2,0,0,0,2,0,0,0,0,8
20150608-W-s_Hertogenbosch-R32-Michaella_Krajicek-Oceane_Dodin,1,nonSnV,60,42,16,4,12,4,0,3,1,0,190
20150608-W-s_Hertogenbosch-R32-Michaella_Krajicek-Oceane_Dodin,1,nonSnV1st,40,29,14,3,8,2,0,2,0,0,101
20150608-W-s_Hertogenbosch-R32-Michaella_Krajicek-Oceane_Dodin,1,nonSnV2nd,20,13,2,1,4,2,0,1,1,0,89
20150614-W-s_Hertogenbosch-F-Camila_Giorgi-Belinda_Bencic,1,SnV,1,1,0,0,0,1,0,0,0,0,3
20150614-W-s_Hertogenbosch-F-Camila_Giorgi-Belinda_Bencic,1,SnV1st,1,1,0,0,0,1,0,0,0,0,3
20150614-W-s_Hertogenbosch-F-Camila_Giorgi-Belinda_Bencic,1,nonSnV,63,46,8,0,8,5,0,2,1,1,244
20150614-W-s_Hertogenbosch-F-Camila_Giorgi-Belinda_Bencic,1,nonSnV1st,34,25,7,0,7,4,0,1,1,1,115
20150614-W-s_Hertogenbosch-F-Camila_Giorgi-Belinda_Bencic,1,nonSnV2nd,29,21,1,0,1,1,0,1,0,0,129
20150617-W-Birmingham-R32-Ana_Ivanovic-Michelle_Larcher_De_Brito,1,SnV,1,0,0,0,0,0,0,0,0,0,2
20150617-W-Birmingham-R32-Ana_Ivanovic-Michelle_Larcher_De_Brito,1,SnV1st,1,0,0,0,0,0,0,0,0,0,2
20150617-W-Birmingham-R32-Ana_Ivanovic-Michelle_Larcher_De_Brito,1,nonSnV,91,61,16,1,13,2,0,0,1,0,295
20150617-W-Birmingham-R32-Ana_Ivanovic-Michelle_Larcher_De_Brito,1,nonSnV1st,57,43,15,1,10,2,0,0,1,0,169
20150617-W-Birmingham-R32-Ana_Ivanovic-Michelle_Larcher_De_Brito,1,nonSnV2nd,34,18,1,0,3,0,0,0,0,0,126
20150601-W-Roland_Garros-R16-Petra_Kvitova-Timea_Bacsinszky,1,SnV,1,1,0,0,0,1,0,0,0,0,3
20150601-W-Roland_Garros-R16-Petra_Kvitova-Timea_Bacsinszky,1,SnV1st,1,1,0,0,0,1,0,0,0,0,3
20150601-W-Roland_Garros-R16-Petra_Kvitova-Timea_Bacsinszky,1,nonSnV,85,42,2,0,11,5,4,1,2,0,300
20150601-W-Roland_Garros-R16-Petra_Kvitova-Timea_Bacsinszky,1,nonSnV1st,58,30,2,0,10,5,4,0,2,0,196
20150601-W-Roland_Garros-R16-Petra_Kvitova-Timea_Bacsinszky,1,nonSnV2nd,27,12,0,0,1,0,0,1,0,0,104
20150615-W-Nottingham-F-Monica_Niculescu-Ana_Konjuh,1,SnV,9,7,0,0,1,2,4,0,0,1,35
20150615-W-Nottingham-F-Monica_Niculescu-Ana_Konjuh,1,SnV1st,8,7,0,0,1,2,4,0,0,1,33
20150615-W-Nottingham-F-Monica_Niculescu-Ana_Konjuh,1,SnV2nd,1,0,0,0,0,0,0,0,0,0,2
20150615-W-Nottingham-F-Monica_Niculescu-Ana_Konjuh,1,nonSnV,56,35,0,1,7,3,1,0,1,0,291
20150615-W-Nottingham-F-Monica_Niculescu-Ana_Konjuh,1,nonSnV1st,39,24,0,1,6,2,1,0,1,0,202
20150615-W-Nottingham-F-Monica_Niculescu-Ana_Konjuh,1,nonSnV2nd,17,11,0,0,1,1,0,0,0,0,89
20150619-W-Birmingham-QF-Katerina_Siniakova-Angelique_Kerber,1,SnV,1,0,0,0,0,0,0,1,0,0,2
20150619-W-Birmingham-QF-Katerina_Siniakova-Angelique_Kerber,1,SnV1st,1,0,0,0,0,0,0,1,0,0,2
20150619-W-Birmingham-QF-Katerina_Siniakova-Angelique_Kerber,1,nonSnV,70,41,1,0,2,7,0,1,4,1,329
20150619-W-Birmingham-QF-Katerina_Siniakova-Angelique_Kerber,1,nonSnV1st,46,28,1,0,2,6,0,1,3,0,240
20150619-W-Birmingham-QF-Katerina_Siniakova-Angelique_Kerber,1,nonSnV2nd,24,13,0,0,0,1,0,0,1,1,89
20150618-W-Birmingham-R16-Kristina_Mladenovic-Barbora_Zahlavova_Strycova,1,SnV,1,1,0,0,0,0,1,0,0,0,3
20150618-W-Birmingham-R16-Kristina_Mladenovic-Barbora_Zahlavova_Strycova,1,SnV1st,1,1,0,0,0,0,1,0,0,0,3
20150618-W-Birmingham-R16-Kristina_Mladenovic-Barbora_Zahlavova_Strycova,1,nonSnV,69,48,3,2,7,10,3,2,1,3,288
20150618-W-Birmingham-R16-Kristina_Mladenovic-Barbora_Zahlavova_Strycova,1,nonSnV1st,47,38,3,2,6,9,3,1,0,3,202
20150618-W-Birmingham-R16-Kristina_Mladenovic-Barbora_Zahlavova_Strycova,1,nonSnV2nd,22,10,0,0,1,1,0,1,1,0,86
20150618-W-Birmingham-R16-Kristina_Mladenovic-Barbora_Zahlavova_Strycova,2,SnV,5,5,0,0,2,3,0,0,0,0,13
20150618-W-Birmingham-R16-Kristina_Mladenovic-Barbora_Zahlavova_Strycova,2,SnV1st,5,5,0,0,2,3,0,0,0,0,13
20150618-W-Birmingham-R16-Kristina_Mladenovic-Barbora_Zahlavova_Strycova,2,nonSnV,59,33,6,1,8,4,2,0,4,2,201
20150618-W-Birmingham-R16-Kristina_Mladenovic-Barbora_Zahlavova_Strycova,2,nonSnV1st,42,25,5,1,7,3,2,0,3,2,127
20150618-W-Birmingham-R16-Kristina_Mladenovic-Barbora_Zahlavova_Strycova,2,nonSnV2nd,17,8,1,0,1,1,0,0,1,0,74
20150621-W-Eastbourne-R64-Coco_Vandeweghe-Johanna_Larsson,1,SnV,7,6,1,0,1,4,0,0,0,0,28
20150621-W-Eastbourne-R64-Coco_Vandeweghe-Johanna_Larsson,1,SnV1st,6,6,1,0,1,4,0,0,0,0,26
20150621-W-Eastbourne-R64-Coco_Vandeweghe-Johanna_Larsson,1,SnV2nd,1,0,0,0,0,0,0,0,0,0,2
20150621-W-Eastbourne-R64-Coco_Vandeweghe-Johanna_Larsson,1,nonSnV,67,48,8,0,12,8,2,3,0,1,248
20150621-W-Eastbourne-R64-Coco_Vandeweghe-Johanna_Larsson,1,nonSnV1st,42,33,8,0,11,4,1,1,0,0,109
20150621-W-Eastbourne-R64-Coco_Vandeweghe-Johanna_Larsson,1,nonSnV2nd,25,15,0,0,1,4,1,2,0,1,139
20150621-W-Eastbourne-R64-Coco_Vandeweghe-Johanna_Larsson,2,SnV,1,0,0,0,0,0,0,0,0,0,2
20150621-W-Eastbourne-R64-Coco_Vandeweghe-Johanna_Larsson,2,SnV1st,1,0,0,0,0,0,0,0,0,0,2
20150621-W-Eastbourne-R64-Coco_Vandeweghe-Johanna_Larsson,2,nonSnV,98,56,1,1,21,2,1,1,2,1,334
20150621-W-Eastbourne-R64-Coco_Vandeweghe-Johanna_Larsson,2,nonSnV1st,70,40,1,1,19,1,1,1,1,1,234
20150621-W-Eastbourne-R64-Coco_Vandeweghe-Johanna_Larsson,2,nonSnV2nd,28,16,0,0,2,1,0,0,1,0,100
20150614-W-Nottingham-SF-Agnieszka_Radwanska-Monica_Niculescu,1,SnV,19,12,0,0,4,5,2,0,0,1,54
20150614-W-Nottingham-SF-Agnieszka_Radwanska-Monica_Niculescu,1,SnV1st,19,12,0,0,4,5,2,0,0,1,54
20150614-W-Nottingham-SF-Agnieszka_Radwanska-Monica_Niculescu,1,nonSnV,73,35,1,0,2,8,3,1,8,2,477
20150614-W-Nottingham-SF-Agnieszka_Radwanska-Monica_Niculescu,1,nonSnV1st,45,26,1,0,2,8,2,1,4,1,288
20150614-W-Nottingham-SF-Agnieszka_Radwanska-Monica_Niculescu,1,nonSnV2nd,28,9,0,0,0,0,1,0,4,1,189
20150614-W-Nottingham-SF-Agnieszka_Radwanska-Monica_Niculescu,2,SnV,10,6,0,0,2,3,1,1,0,0,28
20150614-W-Nottingham-SF-Agnieszka_Radwanska-Monica_Niculescu,2,SnV1st,9,5,0,0,1,3,1,1,0,0,27
20150614-W-Nottingham-SF-Agnieszka_Radwanska-Monica_Niculescu,2,SnV2nd,1,1,0,0,1,0,0,0,0,0,1
20150614-W-Nottingham-SF-Agnieszka_Radwanska-Monica_Niculescu,2,nonSnV,73,44,0,1,7,7,9,2,7,0,402
20150614-W-Nottingham-SF-Agnieszka_Radwanska-Monica_Niculescu,2,nonSnV1st,50,29,0,1,7,4,6,2,4,0,279
20150614-W-Nottingham-SF-Agnieszka_Radwanska-Monica_Niculescu,2,nonSnV2nd,23,15,0,0,0,3,3,0,3,0,123
20150622-W-Eastbourne-R64-Irina_Camelia_Begu-Barbora_Zahlavova_Strycova,2,SnV,1,1,0,0,1,0,0,0,0,0,1
20150622-W-Eastbourne-R64-Irina_Camelia_Begu-Barbora_Zahlavova_Strycova,2,SnV1st,1,1,0,0,1,0,0,0,0,0,1
20150622-W-Eastbourne-R64-Irina_Camelia_Begu-Barbora_Zahlavova_Strycova,2,nonSnV,49,32,4,2,11,3,1,1,1,1,148
20150622-W-Eastbourne-R64-Irina_Camelia_Begu-Barbora_Zahlavova_Strycova,2,nonSnV1st,33,21,4,2,9,3,1,1,1,1,113
20150622-W-Eastbourne-R64-Irina_Camelia_Begu-Barbora_Zahlavova_Strycova,2,nonSnV2nd,16,11,0,0,2,0,0,0,0,0,35
20150624-W-Eastbourne-R16-Agnieszka_Radwanska-Karolina_Pliskova,2,SnV,1,1,0,0,0,1,0,0,0,0,5
20150624-W-Eastbourne-R16-Agnieszka_Radwanska-Karolina_Pliskova,2,SnV1st,1,1,0,0,0,1,0,0,0,0,5
20150624-W-Eastbourne-R16-Agnieszka_Radwanska-Karolina_Pliskova,2,nonSnV,48,24,1,0,1,5,0,1,2,1,214
20150624-W-Eastbourne-R16-Agnieszka_Radwanska-Karolina_Pliskova,2,nonSnV1st,31,18,1,0,1,4,0,1,1,1,140
20150624-W-Eastbourne-R16-Agnieszka_Radwanska-Karolina_Pliskova,2,nonSnV2nd,17,6,0,0,0,1,0,0,1,0,74
20150611-W-s_Hertogenbosch-R16-Jelena_Jankovic-Andrea_Hlavackova,2,SnV,1,1,0,0,0,1,0,0,0,0,3
20150611-W-s_Hertogenbosch-R16-Jelena_Jankovic-Andrea_Hlavackova,2,SnV1st,1,1,0,0,0,1,0,0,0,0,3
20150611-W-s_Hertogenbosch-R16-Jelena_Jankovic-Andrea_Hlavackova,2,nonSnV,46,26,2,0,6,3,2,0,0,1,154
20150611-W-s_Hertogenbosch-R16-Jelena_Jankovic-Andrea_Hlavackova,2,nonSnV1st,28,19,1,0,6,2,2,0,0,1,85
20150611-W-s_Hertogenbosch-R16-Jelena_Jankovic-Andrea_Hlavackova,2,nonSnV2nd,18,7,1,0,0,1,0,0,0,0,69
20040703-W-Wimbledon-F-Maria_Sharapova-Serena_Williams,2,SnV,1,0,0,0,0,0,0,0,0,0,2
20040703-W-Wimbledon-F-Maria_Sharapova-Serena_Williams,2,SnV1st,1,0,0,0,0,0,0,0,0,0,2
20040703-W-Wimbledon-F-Maria_Sharapova-Serena_Williams,2,nonSnV,52,29,3,0,10,2,0,1,2,1,189
20040703-W-Wimbledon-F-Maria_Sharapova-Serena_Williams,2,nonSnV1st,32,20,3,0,10,2,0,0,2,1,98
20040703-W-Wimbledon-F-Maria_Sharapova-Serena_Williams,2,nonSnV2nd,20,9,0,0,0,0,0,1,0,0,91
20150701-W-Wimbledon-R64-Coco_Vandeweghe-Karolina_Pliskova,1,SnV,3,3,0,0,0,1,0,0,0,0,9
20150701-W-Wimbledon-R64-Coco_Vandeweghe-Karolina_Pliskova,1,SnV1st,3,3,0,0,0,1,0,0,0,0,9
20150701-W-Wimbledon-R64-Coco_Vandeweghe-Karolina_Pliskova,1,nonSnV,63,46,15,0,10,3,0,2,1,0,200
20150701-W-Wimbledon-R64-Coco_Vandeweghe-Karolina_Pliskova,1,nonSnV1st,36,30,14,0,8,1,0,1,1,0,84
20150701-W-Wimbledon-R64-Coco_Vandeweghe-Karolina_Pliskova,1,nonSnV2nd,27,16,1,0,2,2,0,1,0,0,116
20150706-W-Wimbledon-R16-Coco_Vandeweghe-Lucie_Safarova,1,SnV,4,3,0,0,1,0,1,0,1,0,21
20150706-W-Wimbledon-R16-Coco_Vandeweghe-Lucie_Safarova,1,SnV1st,4,3,0,0,1,0,1,0,1,0,21
20150706-W-Wimbledon-R16-Coco_Vandeweghe-Lucie_Safarova,1,nonSnV,76,56,9,3,15,2,1,0,0,0,228
20150706-W-Wimbledon-R16-Coco_Vandeweghe-Lucie_Safarova,1,nonSnV1st,39,31,8,3,10,2,0,0,0,0,111
20150706-W-Wimbledon-R16-Coco_Vandeweghe-Lucie_Safarova,1,nonSnV2nd,37,25,1,0,5,0,1,0,0,0,117
20150717-W-Bastad-QF-Mona_Barthel-Rebecca_Peterson,1,SnV,1,1,0,0,1,0,0,0,0,0,1
20150717-W-Bastad-QF-Mona_Barthel-Rebecca_Peterson,1,SnV1st,1,1,0,0,1,0,0,0,0,0,1
20150717-W-Bastad-QF-Mona_Barthel-Rebecca_Peterson,1,nonSnV,73,49,1,0,12,8,2,1,3,0,385
20150717-W-Bastad-QF-Mona_Barthel-Rebecca_Peterson,1,nonSnV1st,50,35,1,0,9,6,2,1,3,0,257
20150717-W-Bastad-QF-Mona_Barthel-Rebecca_Peterson,1,nonSnV2nd,23,14,0,0,3,2,0,0,0,0,128
20150629-W-Wimbledon-R128-Victoria_Azarenka-Anett_Kontaveit,1,SnV,1,1,0,0,1,0,0,0,0,0,1
20150629-W-Wimbledon-R128-Victoria_Azarenka-Anett_Kontaveit,1,SnV1st,1,1,0,0,1,0,0,0,0,0,1
20150629-W-Wimbledon-R128-Victoria_Azarenka-Anett_Kontaveit,1,nonSnV,45,34,6,1,10,3,0,0,0,0,114
20150629-W-Wimbledon-R128-Victoria_Azarenka-Anett_Kontaveit,1,nonSnV1st,29,26,6,1,10,2,0,0,0,0,56
20150629-W-Wimbledon-R128-Victoria_Azarenka-Anett_Kontaveit,1,nonSnV2nd,16,8,0,0,0,1,0,0,0,0,58
20120610-W-Roland_Garros-F-Maria_Sharapova-Sara_Errani,1,SnV,1,1,0,0,0,0,0,0,0,0,3
20120610-W-Roland_Garros-F-Maria_Sharapova-Sara_Errani,1,SnV2nd,1,1,0,0,0,0,0,0,0,0,3
20120610-W-Roland_Garros-F-Maria_Sharapova-Sara_Errani,1,nonSnV,54,36,6,0,8,1,1,0,0,0,276
20120610-W-Roland_Garros-F-Maria_Sharapova-Sara_Errani,1,nonSnV1st,37,26,6,0,7,1,1,0,0,0,180
20120610-W-Roland_Garros-F-Maria_Sharapova-Sara_Errani,1,nonSnV2nd,17,10,0,0,1,0,0,0,0,0,96
20131020-W-Moscow-F-Samantha_Stosur-Simona_Halep,1,SnV,11,7,0,0,4,1,2,1,1,1,27
20131020-W-Moscow-F-Samantha_Stosur-Simona_Halep,1,SnV1st,9,7,0,0,4,1,2,0,1,1,23
20131020-W-Moscow-F-Samantha_Stosur-Simona_Halep,1,SnV2nd,2,0,0,0,0,0,0,1,0,0,4
20131020-W-Moscow-F-Samantha_Stosur-Simona_Halep,1,nonSnV,71,35,3,1,9,2,2,0,3,0,327
20131020-W-Moscow-F-Samantha_Stosur-Simona_Halep,1,nonSnV1st,38,25,3,0,8,2,2,0,2,0,145
20131020-W-Moscow-F-Samantha_Stosur-Simona_Halep,1,nonSnV2nd,33,10,0,1,1,0,0,0,1,0,182
20150707-W-Wimbledon-QF-Maria_Sharapova-Coco_Vandeweghe,2,SnV,1,0,0,0,0,0,0,1,0,0,4
20150707-W-Wimbledon-QF-Maria_Sharapova-Coco_Vandeweghe,2,SnV1st,1,0,0,0,0,0,0,1,0,0,4
20150707-W-Wimbledon-QF-Maria_Sharapova-Coco_Vandeweghe,2,nonSnV,96,55,2,3,16,3,2,1,2,0,367
20150707-W-Wimbledon-QF-Maria_Sharapova-Coco_Vandeweghe,2,nonSnV1st,50,32,2,3,14,3,2,1,1,0,158
20150707-W-Wimbledon-QF-Maria_Sharapova-Coco_Vandeweghe,2,nonSnV2nd,46,23,0,0,2,0,0,0,1,0,209
20150814-W-Toronto-QF-Agnieszka_Radwanska-Simona_Halep,2,SnV,1,1,0,0,0,1,0,0,0,0,5
20150814-W-Toronto-QF-Agnieszka_Radwanska-Simona_Halep,2,SnV1st,1,1,0,0,0,1,0,0,0,0,5
20150814-W-Toronto-QF-Agnieszka_Radwanska-Simona_Halep,2,nonSnV,70,42,2,0,11,2,0,0,3,0,348
20150814-W-Toronto-QF-Agnieszka_Radwanska-Simona_Halep,2,nonSnV1st,47,31,2,0,9,2,0,0,2,0,229
20150814-W-Toronto-QF-Agnieszka_Radwanska-Simona_Halep,2,nonSnV2nd,23,11,0,0,2,0,0,0,1,0,119
20130506-W-Madrid-F-Maria_Sharapova-Serena_Williams,2,SnV,1,1,0,0,0,1,0,0,0,0,3
20130506-W-Madrid-F-Maria_Sharapova-Serena_Williams,2,SnV1st,1,1,0,0,0,1,0,0,0,0,3
20130506-W-Madrid-F-Maria_Sharapova-Serena_Williams,2,nonSnV,46,32,4,0,7,2,2,1,0,0,162
20130506-W-Madrid-F-Maria_Sharapova-Serena_Williams,2,nonSnV1st,37,27,4,0,7,1,1,0,0,0,133
20130506-W-Madrid-F-Maria_Sharapova-Serena_Williams,2,nonSnV2nd,9,5,0,0,0,1,1,1,0,0,29
20150822-W-Cincinnati-SF-Serena_Williams-Elina_Svitolina,1,SnV,1,0,0,0,0,0,0,1,0,0,4
20150822-W-Cincinnati-SF-Serena_Williams-Elina_Svitolina,1,SnV1st,1,0,0,0,0,0,0,1,0,0,4
20150822-W-Cincinnati-SF-Serena_Williams-Elina_Svitolina,1,nonSnV,62,43,9,3,7,4,2,1,2,0,221
20150822-W-Cincinnati-SF-Serena_Williams-Elina_Svitolina,1,nonSnV1st,37,30,9,3,6,1,2,1,1,0,94
20150822-W-Cincinnati-SF-Serena_Williams-Elina_Svitolina,1,nonSnV2nd,25,13,0,0,1,3,0,0,1,0,127
20150903-W-US_Open-R64-Sara_Errani-Jelena_Ostapenko,1,SnV,7,4,0,0,2,0,2,1,1,0,20
20150903-W-US_Open-R64-Sara_Errani-Jelena_Ostapenko,1,SnV1st,7,4,0,0,2,0,2,1,1,0,20
20150903-W-US_Open-R64-Sara_Errani-Jelena_Ostapenko,1,nonSnV,78,33,0,0,7,0,0,0,1,1,371
20150903-W-US_Open-R64-Sara_Errani-Jelena_Ostapenko,1,nonSnV1st,64,29,0,0,7,0,0,0,1,1,317
20150903-W-US_Open-R64-Sara_Errani-Jelena_Ostapenko,1,nonSnV2nd,14,4,0,0,0,0,0,0,0,0,54
20150719-W-Bastad-F-Mona_Barthel-Johanna_Larsson,1,SnV,2,0,0,0,0,0,0,2,0,0,4
20150719-W-Bastad-F-Mona_Barthel-Johanna_Larsson,1,SnV1st,2,0,0,0,0,0,0,2,0,0,4
20150719-W-Bastad-F-Mona_Barthel-Johanna_Larsson,1,nonSnV,73,41,0,0,7,8,1,0,5,2,381
20150719-W-Bastad-F-Mona_Barthel-Johanna_Larsson,1,nonSnV1st,45,24,0,0,6,6,1,0,1,2,206
20150719-W-Bastad-F-Mona_Barthel-Johanna_Larsson,1,nonSnV2nd,28,17,0,0,1,2,0,0,4,0,175
19900827-W-US_Open-R16-Steffi_Graf-Jennifer_Capriati,1,SnV,1,1,0,0,0,1,0,0,0,0,3
19900827-W-US_Open-R16-Steffi_Graf-Jennifer_Capriati,1,SnV1st,1,1,0,0,0,1,0,0,0,0,3
19900827-W-US_Open-R16-Steffi_Graf-Jennifer_Capriati,1,nonSnV,44,31,1,0,6,2,4,0,2,2,249
19900827-W-US_Open-R16-Steffi_Graf-Jennifer_Capriati,1,nonSnV1st,34,25,1,0,6,2,4,0,2,2,201
19900827-W-US_Open-R16-Steffi_Graf-Jennifer_Capriati,1,nonSnV2nd,10,6,0,0,0,0,0,0,0,0,48
19821129-W-Australian_Open-F-Martina_Navratilova-Chris_Evert,1,SnV,31,22,1,0,6,7,3,1,2,2,92
19821129-W-Australian_Open-F-Martina_Navratilova-Chris_Evert,1,SnV1st,30,21,1,0,6,6,3,1,2,2,87
19821129-W-Australian_Open-F-Martina_Navratilova-Chris_Evert,1,SnV2nd,1,1,0,0,0,1,0,0,0,0,5
19821129-W-Australian_Open-F-Martina_Navratilova-Chris_Evert,1,nonSnV,41,14,0,0,1,3,2,2,4,1,282
19821129-W-Australian_Open-F-Martina_Navratilova-Chris_Evert,1,nonSnV1st,15,6,0,0,1,1,1,1,2,0,82
19821129-W-Australian_Open-F-Martina_Navratilova-Chris_Evert,1,nonSnV2nd,26,8,0,0,0,2,1,1,2,1,200
20150908-W-US_Open-QF-Roberta_Vinci-Kristina_Mladenovic,1,SnV,2,2,0,0,1,1,0,0,0,0,4
20150908-W-US_Open-QF-Roberta_Vinci-Kristina_Mladenovic,1,SnV1st,2,2,0,0,1,1,0,0,0,0,4
20150908-W-US_Open-QF-Roberta_Vinci-Kristina_Mladenovic,1,nonSnV,106,67,3,1,19,3,5,3,2,1,427
20150908-W-US_Open-QF-Roberta_Vinci-Kristina_Mladenovic,1,nonSnV1st,63,42,3,1,18,3,3,3,2,1,250
20150908-W-US_Open-QF-Roberta_Vinci-Kristina_Mladenovic,1,nonSnV2nd,43,25,0,0,1,0,2,0,0,0,177
20150908-W-US_Open-QF-Roberta_Vinci-Kristina_Mladenovic,2,SnV,1,1,0,0,0,1,0,0,0,0,3
20150908-W-US_Open-QF-Roberta_Vinci-Kristina_Mladenovic,2,SnV1st,1,1,0,0,0,1,0,0,0,0,3
20150908-W-US_Open-QF-Roberta_Vinci-Kristina_Mladenovic,2,nonSnV,98,64,6,2,17,7,3,3,1,1,352
20150908-W-US_Open-QF-Roberta_Vinci-Kristina_Mladenovic,2,nonSnV1st,51,35,6,2,14,5,1,2,1,0,145
20150908-W-US_Open-QF-Roberta_Vinci-Kristina_Mladenovic,2,nonSnV2nd,47,29,0,0,3,2,2,1,0,1,207
20150824-W-New_Haven-R32-Eugenie_Bouchard-Roberta_Vinci,2,SnV,1,1,0,0,0,1,0,0,0,0,5
20150824-W-New_Haven-R32-Eugenie_Bouchard-Roberta_Vinci,2,SnV1st,1,1,0,0,0,1,0,0,0,0,5
20150824-W-New_Haven-R32-Eugenie_Bouchard-Roberta_Vinci,2,nonSnV,40,28,2,0,7,4,1,0,0,0,148
20150824-W-New_Haven-R32-Eugenie_Bouchard-Roberta_Vinci,2,nonSnV1st,24,17,2,0,7,3,1,0,0,0,87
20150824-W-New_Haven-R32-Eugenie_Bouchard-Roberta_Vinci,2,nonSnV2nd,16,11,0,0,0,1,0,0,0,0,61
20000117-W-Australian_Open-R64-Martina_Hingis-Justine_Henin,1,SnV,1,0,0,0,0,0,0,0,0,0,2
20000117-W-Australian_Open-R64-Martina_Hingis-Justine_Henin,1,SnV2nd,1,0,0,0,0,0,0,0,0,0,2
20000117-W-Australian_Open-R64-Martina_Hingis-Justine_Henin,1,nonSnV,50,36,0,0,9,6,2,1,2,0,268
20000117-W-Australian_Open-R64-Martina_Hingis-Justine_Henin,1,nonSnV1st,36,26,0,0,9,4,1,1,2,0,192
20000117-W-Australian_Open-R64-Martina_Hingis-Justine_Henin,1,nonSnV2nd,14,10,0,0,0,2,1,0,0,0,76
20000117-W-Australian_Open-R64-Martina_Hingis-Justine_Henin,2,SnV,13,8,0,0,1,2,2,1,0,1,34
20000117-W-Australian_Open-R64-Martina_Hingis-Justine_Henin,2,SnV1st,12,7,0,0,1,1,2,1,0,1,31
20000117-W-Australian_Open-R64-Martina_Hingis-Justine_Henin,2,SnV2nd,1,1,0,0,0,1,0,0,0,0,3
20000117-W-Australian_Open-R64-Martina_Hingis-Justine_Henin,2,nonSnV,41,22,0,0,5,2,0,1,3,0,238
20000117-W-Australian_Open-R64-Martina_Hingis-Justine_Henin,2,nonSnV1st,20,14,0,0,5,1,0,1,1,0,78
20000117-W-Australian_Open-R64-Martina_Hingis-Justine_Henin,2,nonSnV2nd,21,8,0,0,0,1,0,0,2,0,160
20131016-W-Luxembourg-R32-Andrea_Petkovic-Eugenie_Bouchard,1,SnV,1,0,0,0,0,0,0,0,0,0,2
20131016-W-Luxembourg-R32-Andrea_Petkovic-Eugenie_Bouchard,1,SnV1st,1,0,0,0,0,0,0,0,0,0,2
20131016-W-Luxembourg-R32-Andrea_Petkovic-Eugenie_Bouchard,1,nonSnV,90,50,5,0,14,4,5,1,1,1,378
20131016-W-Luxembourg-R32-Andrea_Petkovic-Eugenie_Bouchard,1,nonSnV1st,65,38,5,0,12,2,3,1,1,0,264
20131016-W-Luxembourg-R32-Andrea_Petkovic-Eugenie_Bouchard,1,nonSnV2nd,25,12,0,0,2,2,2,0,0,1,114
19991101-W-Leipzig-R16-Sandrine_Testud-Anna_Kournikova,1,SnV,4,2,0,0,1,1,0,1,0,0,8
19991101-W-Leipzig-R16-Sandrine_Testud-Anna_Kournikova,1,SnV1st,4,2,0,0,1,1,0,1,0,0,8
19991101-W-Leipzig-R16-Sandrine_Testud-Anna_Kournikova,1,nonSnV,53,26,4,0,8,3,1,0,2,0,166
19991101-W-Leipzig-R16-Sandrine_Testud-Anna_Kournikova,1,nonSnV1st,31,16,4,0,6,3,1,0,2,0,94
19991101-W-Leipzig-R16-Sandrine_Testud-Anna_Kournikova,1,nonSnV2nd,22,10,0,0,2,0,0,0,0,0,72
19991101-W-Leipzig-R16-Sandrine_Testud-Anna_Kournikova,2,SnV,1,1,0,0,0,0,1,0,0,0,3
19991101-W-Leipzig-R16-Sandrine_Testud-Anna_Kournikova,2,SnV2nd,1,1,0,0,0,0,1,0,0,0,3
19991101-W-Leipzig-R16-Sandrine_Testud-Anna_Kournikova,2,nonSnV,59,38,2,0,11,2,1,0,0,0,216
19991101-W-Leipzig-R16-Sandrine_Testud-Anna_Kournikova,2,nonSnV1st,37,24,1,0,8,1,1,0,0,0,146
19991101-W-Leipzig-R16-Sandrine_Testud-Anna_Kournikova,2,nonSnV2nd,22,14,1,0,3,1,0,0,0,0,70
20150921-W-Tokyo-Q3-Olga_Savchuk-Misa_Eguchi,1,SnV,1,1,0,0,0,1,0,0,0,0,3
20150921-W-Tokyo-Q3-Olga_Savchuk-Misa_Eguchi,1,SnV1st,1,1,0,0,0,1,0,0,0,0,3
20150921-W-Tokyo-Q3-Olga_Savchuk-Misa_Eguchi,1,nonSnV,55,33,2,0,9,5,0,0,2,1,289
20150921-W-Tokyo-Q3-Olga_Savchuk-Misa_Eguchi,1,nonSnV1st,38,27,2,0,9,4,0,0,2,1,189
20150921-W-Tokyo-Q3-Olga_Savchuk-Misa_Eguchi,1,nonSnV2nd,17,6,0,0,0,1,0,0,0,0,100
20150912-W-US_Open-F-Roberta_Vinci-Flavia_Pennetta,1,SnV,1,1,0,0,1,0,0,0,0,0,1
20150912-W-US_Open-F-Roberta_Vinci-Flavia_Pennetta,1,SnV1st,1,1,0,0,1,0,0,0,0,0,1
20150912-W-US_Open-F-Roberta_Vinci-Flavia_Pennetta,1,nonSnV,71,38,0,0,11,5,2,4,2,1,384
20150912-W-US_Open-F-Roberta_Vinci-Flavia_Pennetta,1,nonSnV1st,46,25,0,0,11,4,1,4,2,0,225
20150912-W-US_Open-F-Roberta_Vinci-Flavia_Pennetta,1,nonSnV2nd,25,13,0,0,0,1,1,0,0,1,159
20150924-W-Guangzhou-QF-Yanina_Wickmayer-Monica_Niculescu,2,SnV,1,0,0,0,0,0,0,0,0,0,2
20150924-W-Guangzhou-QF-Yanina_Wickmayer-Monica_Niculescu,2,SnV1st,1,0,0,0,0,0,0,0,0,0,2
20150924-W-Guangzhou-QF-Yanina_Wickmayer-Monica_Niculescu,2,nonSnV,53,22,0,1,8,0,1,0,1,1,230
20150924-W-Guangzhou-QF-Yanina_Wickmayer-Monica_Niculescu,2,nonSnV1st,39,18,0,1,8,0,1,0,1,1,166
20150924-W-Guangzhou-QF-Yanina_Wickmayer-Monica_Niculescu,2,nonSnV2nd,14,4,0,0,0,0,0,0,0,0,64
20150924-W-Guangzhou-QF-Denisa_Allertova-Simona_Halep,2,SnV,5,3,0,1,1,0,1,0,2,0,19
20150924-W-Guangzhou-QF-Denisa_Allertova-Simona_Halep,2,SnV1st,5,3,0,1,1,0,1,0,2,0,19
20150924-W-Guangzhou-QF-Denisa_Allertova-Simona_Halep,2,nonSnV,47,24,3,0,7,0,0,0,0,1,174
20150924-W-Guangzhou-QF-Denisa_Allertova-Simona_Halep,2,nonSnV1st,23,16,3,0,5,0,0,0,0,0,82
20150924-W-Guangzhou-QF-Denisa_Allertova-Simona_Halep,2,nonSnV2nd,24,8,0,0,2,0,0,0,0,1,92
19901008-W-Zurich-F-Steffi_Graf-Gabriela_Sabatini,1,SnV,1,1,0,0,0,1,0,0,0,0,5
19901008-W-Zurich-F-Steffi_Graf-Gabriela_Sabatini,1,SnV1st,1,1,0,0,0,1,0,0,0,0,5
19901008-W-Zurich-F-Steffi_Graf-Gabriela_Sabatini,1,nonSnV,57,35,1,0,11,2,7,2,3,0,233
19901008-W-Zurich-F-Steffi_Graf-Gabriela_Sabatini,1,nonSnV1st,40,27,1,0,11,2,4,1,3,0,161
19901008-W-Zurich-F-Steffi_Graf-Gabriela_Sabatini,1,nonSnV2nd,17,8,0,0,0,0,3,1,0,0,72
19901008-W-Zurich-F-Steffi_Graf-Gabriela_Sabatini,2,SnV,1,0,0,0,0,0,0,0,0,0,2
19901008-W-Zurich-F-Steffi_Graf-Gabriela_Sabatini,2,SnV1st,1,0,0,0,0,0,0,0,0,0,2
19901008-W-Zurich-F-Steffi_Graf-Gabriela_Sabatini,2,nonSnV,57,27,0,0,4,6,2,1,5,2,317
19901008-W-Zurich-F-Steffi_Graf-Gabriela_Sabatini,2,nonSnV1st,46,23,0,0,4,6,2,1,5,1,269
19901008-W-Zurich-F-Steffi_Graf-Gabriela_Sabatini,2,nonSnV2nd,11,4,0,0,0,0,0,0,0,1,48
20151014-W-Linz-R32-Aleksandra_Krunic-Roberta_Vinci,2,SnV,4,2,0,0,0,2,0,0,0,0,12
20151014-W-Linz-R32-Aleksandra_Krunic-Roberta_Vinci,2,SnV1st,4,2,0,0,0,2,0,0,0,0,12
20151014-W-Linz-R32-Aleksandra_Krunic-Roberta_Vinci,2,nonSnV,78,39,2,1,4,10,4,2,7,0,347
20151014-W-Linz-R32-Aleksandra_Krunic-Roberta_Vinci,2,nonSnV1st,52,28,2,1,4,7,4,1,6,0,216
20151014-W-Linz-R32-Aleksandra_Krunic-Roberta_Vinci,2,nonSnV2nd,26,11,0,0,0,3,0,1,1,0,131
20151020-W-Moscow-R32-Paula_Kania-Darya_Kasatkina,1,SnV,2,1,0,0,0,1,0,0,1,0,9
20151020-W-Moscow-R32-Paula_Kania-Darya_Kasatkina,1,SnV1st,2,1,0,0,0,1,0,0,1,0,9
20151020-W-Moscow-R32-Paula_Kania-Darya_Kasatkina,1,nonSnV,89,54,0,0,8,8,6,0,7,0,482
20151020-W-Moscow-R32-Paula_Kania-Darya_Kasatkina,1,nonSnV1st,55,39,0,0,6,5,6,0,3,0,295
20151020-W-Moscow-R32-Paula_Kania-Darya_Kasatkina,1,nonSnV2nd,34,15,0,0,2,3,0,0,4,0,187
20150716-W-Bucharest-R16-Monica_Niculescu-Teliana_Pereira,1,SnV,10,8,0,0,2,3,3,0,0,0,28
20150716-W-Bucharest-R16-Monica_Niculescu-Teliana_Pereira,1,SnV1st,10,8,0,0,2,3,3,0,0,0,28
20150716-W-Bucharest-R16-Monica_Niculescu-Teliana_Pereira,1,nonSnV,59,39,1,0,2,6,3,0,0,2,467
20150716-W-Bucharest-R16-Monica_Niculescu-Teliana_Pereira,1,nonSnV1st,41,27,1,0,2,6,2,0,0,2,351
20150716-W-Bucharest-R16-Monica_Niculescu-Teliana_Pereira,1,nonSnV2nd,18,12,0,0,0,0,1,0,0,0,116
20150716-W-Bucharest-R16-Monica_Niculescu-Teliana_Pereira,2,SnV,2,1,0,0,1,0,0,0,0,0,3
20150716-W-Bucharest-R16-Monica_Niculescu-Teliana_Pereira,2,SnV1st,2,1,0,0,1,0,0,0,0,0,3
20150716-W-Bucharest-R16-Monica_Niculescu-Teliana_Pereira,2,nonSnV,55,31,0,0,4,7,4,1,3,1,365
20150716-W-Bucharest-R16-Monica_Niculescu-Teliana_Pereira,2,nonSnV1st,44,24,0,0,4,6,2,1,3,1,282
20150716-W-Bucharest-R16-Monica_Niculescu-Teliana_Pereira,2,nonSnV2nd,11,7,0,0,0,1,2,0,0,0,83
20151029-W-Singapore-RR-Agnieszka_Radwanska-Simona_Halep,1,SnV,1,1,0,0,0,1,0,0,0,0,3
20151029-W-Singapore-RR-Agnieszka_Radwanska-Simona_Halep,1,SnV1st,1,1,0,0,0,1,0,0,0,0,3
20151029-W-Singapore-RR-Agnieszka_Radwanska-Simona_Halep,1,nonSnV,80,49,2,1,9,5,5,0,4,4,429
20151029-W-Singapore-RR-Agnieszka_Radwanska-Simona_Halep,1,nonSnV1st,54,35,2,1,9,5,3,0,3,2,289
20151029-W-Singapore-RR-Agnieszka_Radwanska-Simona_Halep,1,nonSnV2nd,26,14,0,0,0,0,2,0,1,2,140
20150121-W-Australian_Open-R64-Eugenie_Bouchard-Kiki_Bertens,2,SnV,1,1,0,0,1,0,0,0,0,0,1
20150121-W-Australian_Open-R64-Eugenie_Bouchard-Kiki_Bertens,2,SnV1st,1,1,0,0,1,0,0,0,0,0,1
20150121-W-Australian_Open-R64-Eugenie_Bouchard-Kiki_Bertens,2,nonSnV,42,15,1,0,4,2,0,5,1,1,143
20150121-W-Australian_Open-R64-Eugenie_Bouchard-Kiki_Bertens,2,nonSnV1st,25,11,1,0,4,2,0,3,0,1,97
20150121-W-Australian_Open-R64-Eugenie_Bouchard-Kiki_Bertens,2,nonSnV2nd,17,4,0,0,0,0,0,2,1,0,46
20060511-W-Berlin-R16-Martina_Hingis-Elena_Dementieva,1,SnV,1,0,0,0,0,0,0,0,0,1,4
20060511-W-Berlin-R16-Martina_Hingis-Elena_Dementieva,1,SnV1st,1,0,0,0,0,0,0,0,0,1,4
20060511-W-Berlin-R16-Martina_Hingis-Elena_Dementieva,1,nonSnV,59,37,0,0,12,6,1,0,2,0,289
20060511-W-Berlin-R16-Martina_Hingis-Elena_Dementieva,1,nonSnV1st,42,25,0,0,10,4,0,0,0,0,199
20060511-W-Berlin-R16-Martina_Hingis-Elena_Dementieva,1,nonSnV2nd,17,12,0,0,2,2,1,0,2,0,90
20151023-W-Luxembourg-QF-Stefanie_Voegele-Laura_Siegemund,2,SnV,4,3,0,0,1,2,0,0,1,0,13
20151023-W-Luxembourg-QF-Stefanie_Voegele-Laura_Siegemund,2,SnV1st,4,3,0,0,1,2,0,0,1,0,13
20151023-W-Luxembourg-QF-Stefanie_Voegele-Laura_Siegemund,2,nonSnV,70,39,0,0,7,7,5,1,2,2,331
20151023-W-Luxembourg-QF-Stefanie_Voegele-Laura_Siegemund,2,nonSnV1st,56,32,0,0,6,5,5,0,2,2,254
20151023-W-Luxembourg-QF-Stefanie_Voegele-Laura_Siegemund,2,nonSnV2nd,14,7,0,0,1,2,0,1,0,0,77
20150611-W-Nottingham-QF-Monica_Niculescu-Johanna_Konta,1,SnV,2,1,0,0,0,1,0,1,0,0,7
20150611-W-Nottingham-QF-Monica_Niculescu-Johanna_Konta,1,SnV1st,2,1,0,0,0,1,0,1,0,0,7
20150611-W-Nottingham-QF-Monica_Niculescu-Johanna_Konta,1,nonSnV,76,47,2,0,8,3,3,1,4,4,499
20150611-W-Nottingham-QF-Monica_Niculescu-Johanna_Konta,1,nonSnV1st,49,28,2,0,8,3,3,0,3,2,322
20150611-W-Nottingham-QF-Monica_Niculescu-Johanna_Konta,1,nonSnV2nd,27,19,0,0,0,0,0,1,1,2,177
20150611-W-Nottingham-QF-Monica_Niculescu-Johanna_Konta,2,SnV,2,2,0,0,1,0,0,0,0,0,16
20150611-W-Nottingham-QF-Monica_Niculescu-Johanna_Konta,2,SnV1st,2,2,0,0,1,0,0,0,0,0,16
20150611-W-Nottingham-QF-Monica_Niculescu-Johanna_Konta,2,nonSnV,83,43,0,0,11,6,3,4,2,4,463
20150611-W-Nottingham-QF-Monica_Niculescu-Johanna_Konta,2,nonSnV1st,53,26,0,0,9,4,1,3,2,3,264
20150611-W-Nottingham-QF-Monica_Niculescu-Johanna_Konta,2,nonSnV2nd,30,17,0,0,2,2,2,1,0,1,199
20150724-W-Bad_Gastein-QF-Karin_Knapp-Polona_Hercog,2,SnV,1,1,0,0,0,1,0,0,0,0,3
20150724-W-Bad_Gastein-QF-Karin_Knapp-Polona_Hercog,2,SnV1st,1,1,0,0,0,1,0,0,0,0,3
20150724-W-Bad_Gastein-QF-Karin_Knapp-Polona_Hercog,2,nonSnV,89,47,3,0,14,4,0,0,2,3,393
20150724-W-Bad_Gastein-QF-Karin_Knapp-Polona_Hercog,2,nonSnV1st,46,26,3,0,9,3,0,0,1,2,174
20150724-W-Bad_Gastein-QF-Karin_Knapp-Polona_Hercog,2,nonSnV2nd,43,21,0,0,5,1,0,0,1,1,219
20140103-W-Auckland-QF-Jamie_Hampton-Lauren_Davis,1,SnV,1,0,0,0,0,0,0,0,1,0,4
20140103-W-Auckland-QF-Jamie_Hampton-Lauren_Davis,1,SnV1st,1,0,0,0,0,0,0,0,1,0,4
20140103-W-Auckland-QF-Jamie_Hampton-Lauren_Davis,1,nonSnV,96,57,3,3,16,6,5,2,1,0,375
20140103-W-Auckland-QF-Jamie_Hampton-Lauren_Davis,1,nonSnV1st,57,39,3,3,13,5,4,0,1,0,177
20140103-W-Auckland-QF-Jamie_Hampton-Lauren_Davis,1,nonSnV2nd,39,18,0,0,3,1,1,2,0,0,198
19830523-W-Roland_Garros-F-Mima_Jausovec-Chris_Evert,1,SnV,5,3,0,0,1,1,1,0,2,0,19
19830523-W-Roland_Garros-F-Mima_Jausovec-Chris_Evert,1,SnV1st,5,3,0,0,1,1,1,0,2,0,19
19830523-W-Roland_Garros-F-Mima_Jausovec-Chris_Evert,1,nonSnV,41,13,0,0,0,3,0,1,7,3,353
19830523-W-Roland_Garros-F-Mima_Jausovec-Chris_Evert,1,nonSnV1st,22,6,0,0,0,0,0,0,3,1,200
19830523-W-Roland_Garros-F-Mima_Jausovec-Chris_Evert,1,nonSnV2nd,19,7,0,0,0,3,0,1,4,2,153
19810420-W-Amelia_Island-F-Martina_Navratilova-Chris_Evert,1,SnV,9,3,0,0,1,2,0,0,1,0,23
19810420-W-Amelia_Island-F-Martina_Navratilova-Chris_Evert,1,SnV1st,9,3,0,0,1,2,0,0,1,0,23
19810420-W-Amelia_Island-F-Martina_Navratilova-Chris_Evert,1,nonSnV,21,5,0,0,1,0,0,1,2,4,91
19810420-W-Amelia_Island-F-Martina_Navratilova-Chris_Evert,1,nonSnV1st,6,2,0,0,1,0,0,1,1,2,24
19810420-W-Amelia_Island-F-Martina_Navratilova-Chris_Evert,1,nonSnV2nd,15,3,0,0,0,0,0,0,1,2,67
20150407-W-Katowice-R32-Kristina_Mladenovic-Monica_Niculescu,1,SnV,6,1,0,0,0,1,0,2,2,0,23
20150407-W-Katowice-R32-Kristina_Mladenovic-Monica_Niculescu,1,SnV1st,6,1,0,0,0,1,0,2,2,0,23
20150407-W-Katowice-R32-Kristina_Mladenovic-Monica_Niculescu,1,nonSnV,69,39,2,0,3,13,8,2,5,2,355
20150407-W-Katowice-R32-Kristina_Mladenovic-Monica_Niculescu,1,nonSnV1st,36,22,2,0,3,9,6,2,3,0,160
20150407-W-Katowice-R32-Kristina_Mladenovic-Monica_Niculescu,1,nonSnV2nd,33,17,0,0,0,4,2,0,2,2,195
20151008-W-Beijing-R16-Bethanie_Mattek_Sands-Roberta_Vinci,1,SnV,7,7,0,0,1,3,2,0,0,0,27
20151008-W-Beijing-R16-Bethanie_Mattek_Sands-Roberta_Vinci,1,SnV1st,7,7,0,0,1,3,2,0,0,0,27
20151008-W-Beijing-R16-Bethanie_Mattek_Sands-Roberta_Vinci,1,nonSnV,67,40,1,0,6,12,7,4,2,3,292
20151008-W-Beijing-R16-Bethanie_Mattek_Sands-Roberta_Vinci,1,nonSnV1st,47,23,0,0,5,7,5,4,2,3,211
20151008-W-Beijing-R16-Bethanie_Mattek_Sands-Roberta_Vinci,1,nonSnV2nd,20,17,1,0,1,5,2,0,0,0,81
20140526-W-Roland_Garros-R128-Kirsten_Flipkens-Danka_Kovinic,1,SnV,5,4,1,0,1,1,0,0,0,0,10
20140526-W-Roland_Garros-R128-Kirsten_Flipkens-Danka_Kovinic,1,SnV1st,5,4,1,0,1,1,0,0,0,0,10
20140526-W-Roland_Garros-R128-Kirsten_Flipkens-Danka_Kovinic,1,nonSnV,61,45,1,0,10,7,2,0,1,1,227
20140526-W-Roland_Garros-R128-Kirsten_Flipkens-Danka_Kovinic,1,nonSnV1st,36,26,1,0,9,6,1,0,1,1,136
20140526-W-Roland_Garros-R128-Kirsten_Flipkens-Danka_Kovinic,1,nonSnV2nd,25,19,0,0,1,1,1,0,0,0,91
20151009-W-Beijing-QF-Bethanie_Mattek_Sands-Garbine_Muguruza,1,SnV,16,11,0,0,4,5,2,0,1,0,41
20151009-W-Beijing-QF-Bethanie_Mattek_Sands-Garbine_Muguruza,1,SnV1st,16,11,0,0,4,5,2,0,1,0,41
20151009-W-Beijing-QF-Bethanie_Mattek_Sands-Garbine_Muguruza,1,nonSnV,49,22,0,0,5,2,4,1,3,0,208
20151009-W-Beijing-QF-Bethanie_Mattek_Sands-Garbine_Muguruza,1,nonSnV1st,24,11,0,0,5,0,2,1,2,0,89
20151009-W-Beijing-QF-Bethanie_Mattek_Sands-Garbine_Muguruza,1,nonSnV2nd,25,11,0,0,0,2,2,0,1,0,119
19820831-W-US_Open-F-Hana_Mandlikova-Chris_Evert,1,SnV,8,3,0,0,2,1,0,1,2,1,27
19820831-W-US_Open-F-Hana_Mandlikova-Chris_Evert,1,SnV1st,8,3,0,0,2,1,0,1,2,1,27
19820831-W-US_Open-F-Hana_Mandlikova-Chris_Evert,1,nonSnV,32,20,5,0,2,2,2,0,1,3,162
19820831-W-US_Open-F-Hana_Mandlikova-Chris_Evert,1,nonSnV1st,14,10,5,0,2,0,1,0,0,2,34
19820831-W-US_Open-F-Hana_Mandlikova-Chris_Evert,1,nonSnV2nd,18,10,0,0,0,2,1,0,1,1,128
20100120-W-Australian_Open-R64-Elena_Dementieva-Justine_Henin,2,SnV,1,1,0,0,0,1,0,0,0,0,3
20100120-W-Australian_Open-R64-Elena_Dementieva-Justine_Henin,2,SnV1st,1,1,0,0,0,1,0,0,0,0,3
20100120-W-Australian_Open-R64-Elena_Dementieva-Justine_Henin,2,nonSnV,103,55,2,0,8,12,2,1,1,2,699
20100120-W-Australian_Open-R64-Elena_Dementieva-Justine_Henin,2,nonSnV1st,55,29,2,0,8,5,1,0,1,1,359
20100120-W-Australian_Open-R64-Elena_Dementieva-Justine_Henin,2,nonSnV2nd,48,26,0,0,0,7,1,1,0,1,340
20060910-W-US_Open-F-Justine_Henin-Maria_Sharapova,1,SnV,2,2,0,0,1,0,1,0,0,0,4
20060910-W-US_Open-F-Justine_Henin-Maria_Sharapova,1,SnV1st,2,2,0,0,1,0,1,0,0,0,4
20060910-W-US_Open-F-Justine_Henin-Maria_Sharapova,1,nonSnV,56,35,2,0,7,1,3,0,0,0,249
20060910-W-US_Open-F-Justine_Henin-Maria_Sharapova,1,nonSnV1st,30,19,2,0,6,0,2,0,0,0,121
20060910-W-US_Open-F-Justine_Henin-Maria_Sharapova,1,nonSnV2nd,26,16,0,0,1,1,1,0,0,0,128
20150521-W-Stuttgart-R32-Bethanie_Mattek_Sands-Ekaterina_Makarova,1,SnV,3,2,0,0,1,1,0,0,0,0,6
20150521-W-Stuttgart-R32-Bethanie_Mattek_Sands-Ekaterina_Makarova,1,SnV1st,3,2,0,0,1,1,0,0,0,0,6
20150521-W-Stuttgart-R32-Bethanie_Mattek_Sands-Ekaterina_Makarova,1,nonSnV,67,41,3,0,13,1,1,0,0,1,273
20150521-W-Stuttgart-R32-Bethanie_Mattek_Sands-Ekaterina_Makarova,1,nonSnV1st,42,30,3,0,12,1,1,0,0,0,172
20150521-W-Stuttgart-R32-Bethanie_Mattek_Sands-Ekaterina_Makarova,1,nonSnV2nd,25,11,0,0,1,0,0,0,0,1,101
20140213-W-Fed_Cup_WG_R1-RR-Karin_Knapp-Alison_Riske,2,SnV,1,0,0,0,0,0,0,0,1,0,4
20140213-W-Fed_Cup_WG_R1-RR-Karin_Knapp-Alison_Riske,2,SnV1st,1,0,0,0,0,0,0,0,1,0,4
20140213-W-Fed_Cup_WG_R1-RR-Karin_Knapp-Alison_Riske,2,nonSnV,55,25,1,0,8,1,1,0,3,1,255
20140213-W-Fed_Cup_WG_R1-RR-Karin_Knapp-Alison_Riske,2,nonSnV1st,37,17,1,0,7,0,0,0,0,1,173
20140213-W-Fed_Cup_WG_R1-RR-Karin_Knapp-Alison_Riske,2,nonSnV2nd,18,8,0,0,1,1,1,0,3,0,82
20100929-W-Tokyo-R32-Elena_Dementieva-Yaroslava_Shvedova,2,SnV,4,2,0,0,0,1,1,0,1,0,12
20100929-W-Tokyo-R32-Elena_Dementieva-Yaroslava_Shvedova,2,SnV1st,4,2,0,0,0,1,1,0,1,0,12
20100929-W-Tokyo-R32-Elena_Dementieva-Yaroslava_Shvedova,2,nonSnV,26,9,0,0,2,0,0,0,1,0,93
20100929-W-Tokyo-R32-Elena_Dementieva-Yaroslava_Shvedova,2,nonSnV1st,16,4,0,0,2,0,0,0,1,0,64
20100929-W-Tokyo-R32-Elena_Dementieva-Yaroslava_Shvedova,2,nonSnV2nd,10,5,0,0,0,0,0,0,0,0,29
20110123-W-Australian_Open-R16-Francesca_Schiavone-Svetlana_Kuznetsova,1,SnV,2,1,0,0,0,1,0,0,0,0,5
20110123-W-Australian_Open-R16-Francesca_Schiavone-Svetlana_Kuznetsova,1,SnV1st,2,1,0,0,0,1,0,0,0,0,5
20110123-W-Australian_Open-R16-Francesca_Schiavone-Svetlana_Kuznetsova,1,nonSnV,183,106,3,7,14,21,9,3,10,4,952
20110123-W-Australian_Open-R16-Francesca_Schiavone-Svetlana_Kuznetsova,1,nonSnV1st,110,65,3,6,12,14,6,2,8,2,537
20110123-W-Australian_Open-R16-Francesca_Schiavone-Svetlana_Kuznetsova,1,nonSnV2nd,73,41,0,1,2,7,3,1,2,2,415
20110123-W-Australian_Open-R16-Francesca_Schiavone-Svetlana_Kuznetsova,2,SnV,1,1,0,0,0,0,1,0,0,0,3
20110123-W-Australian_Open-R16-Francesca_Schiavone-Svetlana_Kuznetsova,2,SnV1st,1,1,0,0,0,0,1,0,0,0,3
20110123-W-Australian_Open-R16-Francesca_Schiavone-Svetlana_Kuznetsova,2,nonSnV,158,91,5,3,9,18,7,7,5,4,855
20110123-W-Australian_Open-R16-Francesca_Schiavone-Svetlana_Kuznetsova,2,nonSnV1st,111,70,5,3,9,14,6,4,5,3,554
20110123-W-Australian_Open-R16-Francesca_Schiavone-Svetlana_Kuznetsova,2,nonSnV2nd,47,21,0,0,0,4,1,3,0,1,301
20070621-W-Eastbourne-R16-Agnieszka_Radwanska-Justine_Henin,2,SnV,6,3,0,0,1,2,0,0,1,0,17
20070621-W-Eastbourne-R16-Agnieszka_Radwanska-Justine_Henin,2,SnV1st,6,3,0,0,1,2,0,0,1,0,17
20070621-W-Eastbourne-R16-Agnieszka_Radwanska-Justine_Henin,2,nonSnV,42,31,0,0,11,5,1,0,0,0,157
20070621-W-Eastbourne-R16-Agnieszka_Radwanska-Justine_Henin,2,nonSnV1st,28,23,0,0,9,3,1,0,0,0,91
20070621-W-Eastbourne-R16-Agnieszka_Radwanska-Justine_Henin,2,nonSnV2nd,14,8,0,0,2,2,0,0,0,0,66
20070623-W-Eastbourne-SF-Justine_Henin-Marion_Bartoli,1,SnV,2,1,0,0,0,0,0,0,0,1,7
20070623-W-Eastbourne-SF-Justine_Henin-Marion_Bartoli,1,SnV1st,2,1,0,0,0,0,0,0,0,1,7
20070623-W-Eastbourne-SF-Justine_Henin-Marion_Bartoli,1,nonSnV,43,33,3,0,5,1,3,0,0,1,149
20070623-W-Eastbourne-SF-Justine_Henin-Marion_Bartoli,1,nonSnV1st,28,23,3,0,5,0,2,0,0,0,77
20070623-W-Eastbourne-SF-Justine_Henin-Marion_Bartoli,1,nonSnV2nd,15,10,0,0,0,1,1,0,0,1,72
20150513-W-Rome_Masters-R32-Ana_Ivanovic-Daria_Gavrilova,2,SnV,2,2,0,0,0,0,0,0,0,0,6
20150513-W-Rome_Masters-R32-Ana_Ivanovic-Daria_Gavrilova,2,SnV1st,1,1,0,0,0,0,0,0,0,0,3
20150513-W-Rome_Masters-R32-Ana_Ivanovic-Daria_Gavrilova,2,SnV2nd,1,1,0,0,0,0,0,0,0,0,3
20150513-W-Rome_Masters-R32-Ana_Ivanovic-Daria_Gavrilova,2,nonSnV,109,62,6,0,12,3,2,2,2,0,426
20150513-W-Rome_Masters-R32-Ana_Ivanovic-Daria_Gavrilova,2,nonSnV1st,76,50,6,0,11,3,2,2,1,0,292
20150513-W-Rome_Masters-R32-Ana_Ivanovic-Daria_Gavrilova,2,nonSnV2nd,33,12,0,0,1,0,0,0,1,0,134
20151027-W-Singapore-RR-Flavia_Pennetta-Agnieszka_Radwanska,2,SnV,1,1,0,0,0,1,0,0,0,0,5
20151027-W-Singapore-RR-Flavia_Pennetta-Agnieszka_Radwanska,2,SnV1st,1,1,0,0,0,1,0,0,0,0,5
20151027-W-Singapore-RR-Flavia_Pennetta-Agnieszka_Radwanska,2,nonSnV,72,44,1,0,9,4,3,0,5,1,286
20151027-W-Singapore-RR-Flavia_Pennetta-Agnieszka_Radwanska,2,nonSnV1st,47,31,1,0,9,4,2,0,3,1,197
20151027-W-Singapore-RR-Flavia_Pennetta-Agnieszka_Radwanska,2,nonSnV2nd,25,13,0,0,0,0,1,0,2,0,89
19890416-W-Amelia_Island-SF-Steffi_Graf-Arantxa_Sanchez_Vicario,2,SnV,1,0,0,0,0,0,0,0,0,0,2
19890416-W-Amelia_Island-SF-Steffi_Graf-Arantxa_Sanchez_Vicario,2,SnV1st,1,0,0,0,0,0,0,0,0,0,2
19890416-W-Amelia_Island-SF-Steffi_Graf-Arantxa_Sanchez_Vicario,2,nonSnV,50,26,1,0,1,0,0,1,2,0,268
19890416-W-Amelia_Island-SF-Steffi_Graf-Arantxa_Sanchez_Vicario,2,nonSnV1st,30,18,1,0,0,0,0,0,1,0,170
19890416-W-Amelia_Island-SF-Steffi_Graf-Arantxa_Sanchez_Vicario,2,nonSnV2nd,20,8,0,0,1,0,0,1,1,0,98
20150615-W-Birmingham-R64-Magdalena_Rybarikova-Garbine_Muguruza,1,SnV,1,1,0,0,0,1,0,0,0,0,3
20150615-W-Birmingham-R64-Magdalena_Rybarikova-Garbine_Muguruza,1,SnV1st,1,1,0,0,0,1,0,0,0,0,3
20150615-W-Birmingham-R64-Magdalena_Rybarikova-Garbine_Muguruza,1,nonSnV,41,26,6,0,8,0,2,1,0,0,104
20150615-W-Birmingham-R64-Magdalena_Rybarikova-Garbine_Muguruza,1,nonSnV1st,24,19,6,0,7,0,2,1,0,0,47
20150615-W-Birmingham-R64-Magdalena_Rybarikova-Garbine_Muguruza,1,nonSnV2nd,17,7,0,0,1,0,0,0,0,0,57
20150904-W-US_Open-R32-Bethanie_Mattek_Sands-Serena_Williams,1,SnV,2,1,0,0,0,0,1,0,0,0,5
20150904-W-US_Open-R32-Bethanie_Mattek_Sands-Serena_Williams,1,SnV1st,2,1,0,0,0,0,1,0,0,0,5
20150904-W-US_Open-R32-Bethanie_Mattek_Sands-Serena_Williams,1,nonSnV,94,51,0,0,32,2,1,0,9,2,301
20150904-W-US_Open-R32-Bethanie_Mattek_Sands-Serena_Williams,1,nonSnV1st,51,30,0,0,20,2,0,0,6,1,158
20150904-W-US_Open-R32-Bethanie_Mattek_Sands-Serena_Williams,1,nonSnV2nd,43,21,0,0,12,0,1,0,3,1,143
19880424-W-Houston-F-Chris_Evert-Martina_Navratilova,2,SnV,14,8,0,0,5,2,1,2,2,1,32
19880424-W-Houston-F-Chris_Evert-Martina_Navratilova,2,SnV1st,14,8,0,0,5,2,1,2,2,1,32
19880424-W-Houston-F-Chris_Evert-Martina_Navratilova,2,nonSnV,32,14,0,0,0,4,3,1,7,0,246
19880424-W-Houston-F-Chris_Evert-Martina_Navratilova,2,nonSnV1st,13,7,0,0,0,2,2,1,1,0,99
19880424-W-Houston-F-Chris_Evert-Martina_Navratilova,2,nonSnV2nd,19,7,0,0,0,2,1,0,6,0,147
19910908-W-US_Open-F-Monica_Seles-Martina_Navratilova,2,SnV,53,28,0,0,16,9,1,4,5,2,132
19910908-W-US_Open-F-Monica_Seles-Martina_Navratilova,2,SnV1st,35,23,0,0,15,7,0,3,1,1,79
19910908-W-US_Open-F-Monica_Seles-Martina_Navratilova,2,SnV2nd,18,5,0,0,1,2,1,1,4,1,53
19910908-W-US_Open-F-Monica_Seles-Martina_Navratilova,2,nonSnV,10,5,3,0,0,0,1,1,0,1,35
19910908-W-US_Open-F-Monica_Seles-Martina_Navratilova,2,nonSnV1st,2,2,2,0,0,0,0,0,0,0,2
19910908-W-US_Open-F-Monica_Seles-Martina_Navratilova,2,nonSnV2nd,8,3,1,0,0,0,1,1,0,1,33
19930130-W-Australian_Open-F-Steffi_Graf-Monica_Seles,2,SnV,2,2,0,0,1,1,0,0,0,0,4
19930130-W-Australian_Open-F-Steffi_Graf-Monica_Seles,2,SnV1st,2,2,0,0,1,1,0,0,0,0,4
19930130-W-Australian_Open-F-Steffi_Graf-Monica_Seles,2,nonSnV,74,48,7,0,9,3,1,1,3,0,464
19930130-W-Australian_Open-F-Steffi_Graf-Monica_Seles,2,nonSnV1st,50,32,7,0,8,2,0,1,2,0,328
19930130-W-Australian_Open-F-Steffi_Graf-Monica_Seles,2,nonSnV2nd,24,16,0,0,1,1,1,0,1,0,136
20140623-W-Wimbledon-R128-Maria_Sharapova-Samantha_Murray,2,SnV,3,1,0,0,1,0,0,0,0,1,7
20140623-W-Wimbledon-R128-Maria_Sharapova-Samantha_Murray,2,SnV1st,3,1,0,0,1,0,0,0,0,1,7
20140623-W-Wimbledon-R128-Maria_Sharapova-Samantha_Murray,2,nonSnV,27,11,4,0,3,0,0,1,0,0,93
20140623-W-Wimbledon-R128-Maria_Sharapova-Samantha_Murray,2,nonSnV1st,13,6,4,0,2,0,0,1,0,0,32
20140623-W-Wimbledon-R128-Maria_Sharapova-Samantha_Murray,2,nonSnV2nd,14,5,0,0,1,0,0,0,0,0,61
19860216-W-Boca_Raton-F-Steffi_Graf-Chris_Evert,1,SnV,2,2,0,0,2,0,0,0,0,0,2
19860216-W-Boca_Raton-F-Steffi_Graf-Chris_Evert,1,SnV1st,2,2,0,0,2,0,0,0,0,0,2
19860216-W-Boca_Raton-F-Steffi_Graf-Chris_Evert,1,nonSnV,61,28,0,0,4,2,0,3,2,0,545
19860216-W-Boca_Raton-F-Steffi_Graf-Chris_Evert,1,nonSnV1st,40,21,0,0,4,1,0,2,1,0,330
19860216-W-Boca_Raton-F-Steffi_Graf-Chris_Evert,1,nonSnV2nd,21,7,0,0,0,1,0,1,1,0,215
20020823-W-New_Haven-SF-Venus_Williams-Daniela_Hantuchova,2,SnV,2,0,0,0,0,0,0,0,0,2,10
20020823-W-New_Haven-SF-Venus_Williams-Daniela_Hantuchova,2,SnV1st,2,0,0,0,0,0,0,0,0,2,10
20020823-W-New_Haven-SF-Venus_Williams-Daniela_Hantuchova,2,nonSnV,49,27,0,0,9,6,0,0,1,0,199
20020823-W-New_Haven-SF-Venus_Williams-Daniela_Hantuchova,2,nonSnV1st,29,23,0,0,8,6,0,0,0,0,105
20020823-W-New_Haven-SF-Venus_Williams-Daniela_Hantuchova,2,nonSnV2nd,20,4,0,0,1,0,0,0,1,0,94
20060903-W-US_Open-R16-Justine_Henin-Shahar_Peer,1,SnV,8,7,0,0,0,4,2,0,1,0,33
20060903-W-US_Open-R16-Justine_Henin-Shahar_Peer,1,SnV1st,8,7,0,0,0,4,2,0,1,0,33
20060903-W-US_Open-R16-Justine_Henin-Shahar_Peer,1,nonSnV,24,21,3,0,7,4,1,0,0,0,87
20060903-W-US_Open-R16-Justine_Henin-Shahar_Peer,1,nonSnV1st,14,12,3,0,3,2,0,0,0,0,48
20060903-W-US_Open-R16-Justine_Henin-Shahar_Peer,1,nonSnV2nd,10,9,0,0,4,2,1,0,0,0,39
20070902-W-US_Open-R16-Dinara_Safina-Justine_Henin,2,SnV,6,3,0,0,3,0,0,0,1,1,13
20070902-W-US_Open-R16-Dinara_Safina-Justine_Henin,2,SnV1st,6,3,0,0,3,0,0,0,1,1,13
20070902-W-US_Open-R16-Dinara_Safina-Justine_Henin,2,nonSnV,32,20,2,0,8,0,0,0,1,0,140
20070902-W-US_Open-R16-Dinara_Safina-Justine_Henin,2,nonSnV1st,17,13,2,0,4,0,0,0,0,0,67
20070902-W-US_Open-R16-Dinara_Safina-Justine_Henin,2,nonSnV2nd,15,7,0,0,4,0,0,0,1,0,73
20070831-W-US_Open-R32-Justine_Henin-Ekaterina_Makarova,1,SnV,5,2,0,0,0,2,0,0,2,0,22
20070831-W-US_Open-R32-Justine_Henin-Ekaterina_Makarova,1,SnV1st,5,2,0,0,0,2,0,0,2,0,22
20070831-W-US_Open-R32-Justine_Henin-Ekaterina_Makarova,1,nonSnV,28,24,3,0,6,2,1,0,0,0,94
20070831-W-US_Open-R32-Justine_Henin-Ekaterina_Makarova,1,nonSnV1st,16,14,3,0,5,2,0,0,0,0,46
20070831-W-US_Open-R32-Justine_Henin-Ekaterina_Makarova,1,nonSnV2nd,12,10,0,0,1,0,1,0,0,0,48
20160104-W-Brisbane-R32-Roberta_Vinci-Jelena_Jankovic,1,SnV,1,1,0,0,1,0,0,0,0,0,1
20160104-W-Brisbane-R32-Roberta_Vinci-Jelena_Jankovic,1,SnV1st,1,1,0,0,1,0,0,0,0,0,1
20160104-W-Brisbane-R32-Roberta_Vinci-Jelena_Jankovic,1,nonSnV,97,58,5,1,8,11,2,0,6,0,474
20160104-W-Brisbane-R32-Roberta_Vinci-Jelena_Jankovic,1,nonSnV1st,55,38,4,1,8,9,1,0,3,0,264
20160104-W-Brisbane-R32-Roberta_Vinci-Jelena_Jankovic,1,nonSnV2nd,42,20,1,0,0,2,1,0,3,0,210
20070829-W-US_Open-R64-Tsvetana_Pironkova-Justine_Henin,2,SnV,7,5,0,0,3,1,0,0,0,1,15
20070829-W-US_Open-R64-Tsvetana_Pironkova-Justine_Henin,2,SnV1st,7,5,0,0,3,1,0,0,0,1,15
20070829-W-US_Open-R64-Tsvetana_Pironkova-Justine_Henin,2,nonSnV,34,24,3,0,5,2,0,1,1,0,140
20070829-W-US_Open-R64-Tsvetana_Pironkova-Justine_Henin,2,nonSnV1st,15,10,3,0,4,0,0,0,0,0,52
20070829-W-US_Open-R64-Tsvetana_Pironkova-Justine_Henin,2,nonSnV2nd,19,14,0,0,1,2,0,1,1,0,88
20150121-W-Australian_Open-R64-Agnieszka_Radwanska-Johanna_Larsson,1,SnV,1,1,0,0,1,0,0,0,0,0,1
20150121-W-Australian_Open-R64-Agnieszka_Radwanska-Johanna_Larsson,1,SnV1st,1,1,0,0,1,0,0,0,0,0,1
20150121-W-Australian_Open-R64-Agnieszka_Radwanska-Johanna_Larsson,1,nonSnV,35,29,3,0,6,5,1,0,0,0,199
20150121-W-Australian_Open-R64-Agnieszka_Radwanska-Johanna_Larsson,1,nonSnV1st,22,20,3,0,5,5,0,0,0,0,106
20150121-W-Australian_Open-R64-Agnieszka_Radwanska-Johanna_Larsson,1,nonSnV2nd,13,9,0,0,1,0,1,0,0,0,93
20150801-W-Florianopolis-SF-Teliana_Pereira-Anastasija_Sevastova,2,SnV,1,0,0,0,0,0,0,0,0,0,2
20150801-W-Florianopolis-SF-Teliana_Pereira-Anastasija_Sevastova,2,SnV1st,1,0,0,0,0,0,0,0,0,0,2
20150801-W-Florianopolis-SF-Teliana_Pereira-Anastasija_Sevastova,2,nonSnV,54,26,0,0,6,0,0,0,1,0,254
20150801-W-Florianopolis-SF-Teliana_Pereira-Anastasija_Sevastova,2,nonSnV1st,36,17,0,0,6,0,0,0,1,0,153
20150801-W-Florianopolis-SF-Teliana_Pereira-Anastasija_Sevastova,2,nonSnV2nd,18,9,0,0,0,0,0,0,0,0,101
20060917-W-Fed_Cup_World_Group_F-RR-Justine_Henin-Francesca_Schiavone,1,SnV,6,3,1,0,1,1,0,1,0,0,13
20060917-W-Fed_Cup_World_Group_F-RR-Justine_Henin-Francesca_Schiavone,1,SnV1st,6,3,1,0,1,1,0,1,0,0,13
20060917-W-Fed_Cup_World_Group_F-RR-Justine_Henin-Francesca_Schiavone,1,nonSnV,57,37,1,2,5,4,4,1,0,1,267
20060917-W-Fed_Cup_World_Group_F-RR-Justine_Henin-Francesca_Schiavone,1,nonSnV1st,25,18,1,2,3,3,3,0,0,0,100
20060917-W-Fed_Cup_World_Group_F-RR-Justine_Henin-Francesca_Schiavone,1,nonSnV2nd,32,19,0,0,2,1,1,1,0,1,167
20060917-W-Fed_Cup_World_Group_F-RR-Justine_Henin-Francesca_Schiavone,2,SnV,7,2,0,0,1,1,0,2,1,0,22
20060917-W-Fed_Cup_World_Group_F-RR-Justine_Henin-Francesca_Schiavone,2,SnV1st,7,2,0,0,1,1,0,2,1,0,22
20060917-W-Fed_Cup_World_Group_F-RR-Justine_Henin-Francesca_Schiavone,2,nonSnV,61,34,1,1,6,5,3,3,2,2,276
20060917-W-Fed_Cup_World_Group_F-RR-Justine_Henin-Francesca_Schiavone,2,nonSnV1st,40,21,1,1,4,5,2,3,2,2,187
20060917-W-Fed_Cup_World_Group_F-RR-Justine_Henin-Francesca_Schiavone,2,nonSnV2nd,21,13,0,0,2,0,1,0,0,0,89
20120829-W-US_Open-R64-Maria_Sharapova-Lourdes_Dominguez_Lino,1,SnV,1,0,0,0,0,0,0,0,0,0,4
20120829-W-US_Open-R64-Maria_Sharapova-Lourdes_Dominguez_Lino,1,SnV1st,1,0,0,0,0,0,0,0,0,0,4
20120829-W-US_Open-R64-Maria_Sharapova-Lourdes_Dominguez_Lino,1,nonSnV,34,30,6,0,6,2,3,1,0,0,130
20120829-W-US_Open-R64-Maria_Sharapova-Lourdes_Dominguez_Lino,1,nonSnV1st,23,20,6,0,5,0,1,0,0,0,68
20120829-W-US_Open-R64-Maria_Sharapova-Lourdes_Dominguez_Lino,1,nonSnV2nd,11,10,0,0,1,2,2,1,0,0,62
20100130-W-Australian_Open-F-Serena_Williams-Justine_Henin,1,SnV,1,0,0,0,0,0,0,0,0,0,2
20100130-W-Australian_Open-F-Serena_Williams-Justine_Henin,1,SnV1st,1,0,0,0,0,0,0,0,0,0,2
20100130-W-Australian_Open-F-Serena_Williams-Justine_Henin,1,nonSnV,94,54,12,0,13,3,2,1,5,0,320
20100130-W-Australian_Open-F-Serena_Williams-Justine_Henin,1,nonSnV1st,61,37,11,0,9,3,2,0,4,0,223
20100130-W-Australian_Open-F-Serena_Williams-Justine_Henin,1,nonSnV2nd,33,17,1,0,4,0,0,1,1,0,97
20160112-W-Hobart-R16-Johanna_Larsson-Margarita_Gasparyan,1,SnV,1,0,0,0,0,0,0,0,0,0,2
20160112-W-Hobart-R16-Johanna_Larsson-Margarita_Gasparyan,1,SnV1st,1,0,0,0,0,0,0,0,0,0,2
20160112-W-Hobart-R16-Johanna_Larsson-Margarita_Gasparyan,1,nonSnV,91,51,1,1,15,3,1,0,2,0,507
20160112-W-Hobart-R16-Johanna_Larsson-Margarita_Gasparyan,1,nonSnV1st,64,41,1,1,13,2,1,0,1,0,393
20160112-W-Hobart-R16-Johanna_Larsson-Margarita_Gasparyan,1,nonSnV2nd,27,10,0,0,2,1,0,0,1,0,114
19880605-W-Roland_Garros-F-Steffi_Graf-Natalia_Zvereva,1,SnV,1,0,0,0,0,0,0,0,0,0,2
19880605-W-Roland_Garros-F-Steffi_Graf-Natalia_Zvereva,1,SnV1st,1,0,0,0,0,0,0,0,0,0,2
19880605-W-Roland_Garros-F-Steffi_Graf-Natalia_Zvereva,1,nonSnV,25,23,3,0,5,1,0,0,0,0,97
19880605-W-Roland_Garros-F-Steffi_Graf-Natalia_Zvereva,1,nonSnV1st,12,12,3,0,5,0,0,0,0,0,30
19880605-W-Roland_Garros-F-Steffi_Graf-Natalia_Zvereva,1,nonSnV2nd,13,11,0,0,0,1,0,0,0,0,67
20070127-W-Australian_Open-F-Serena_Williams-Maria_Sharapova,1,SnV,2,2,0,0,0,2,0,0,0,0,6
20070127-W-Australian_Open-F-Serena_Williams-Maria_Sharapova,1,SnV1st,2,2,0,0,0,2,0,0,0,0,6
20070127-W-Australian_Open-F-Serena_Williams-Maria_Sharapova,1,nonSnV,45,34,7,0,10,2,0,0,0,0,118
20070127-W-Australian_Open-F-Serena_Williams-Maria_Sharapova,1,nonSnV1st,31,24,7,0,8,2,0,0,0,0,78
20070127-W-Australian_Open-F-Serena_Williams-Maria_Sharapova,1,nonSnV2nd,14,10,0,0,2,0,0,0,0,0,40
20160118-W-Australian_Open-R128-Agnieszka_Radwanska-Christina_Mchale,1,SnV,1,1,0,0,0,0,1,0,0,0,3
20160118-W-Australian_Open-R128-Agnieszka_Radwanska-Christina_Mchale,1,SnV1st,1,1,0,0,0,0,1,0,0,0,3
20160118-W-Australian_Open-R128-Agnieszka_Radwanska-Christina_Mchale,1,nonSnV,55,28,3,0,9,3,1,0,2,0,320
20160118-W-Australian_Open-R128-Agnieszka_Radwanska-Christina_Mchale,1,nonSnV1st,32,20,3,0,8,3,1,0,2,0,154
20160118-W-Australian_Open-R128-Agnieszka_Radwanska-Christina_Mchale,1,nonSnV2nd,23,8,0,0,1,0,0,0,0,0,166
19880910-W-US_Open-F-Steffi_Graf-Gabriela_Sabatini,2,SnV,4,2,0,0,0,1,1,1,0,0,12
19880910-W-US_Open-F-Steffi_Graf-Gabriela_Sabatini,2,SnV1st,4,2,0,0,0,1,1,1,0,0,12
19880910-W-US_Open-F-Steffi_Graf-Gabriela_Sabatini,2,nonSnV,47,29,3,0,3,4,1,0,2,0,285
19880910-W-US_Open-F-Steffi_Graf-Gabriela_Sabatini,2,nonSnV1st,25,18,3,0,3,4,1,0,2,0,172
19880910-W-US_Open-F-Steffi_Graf-Gabriela_Sabatini,2,nonSnV2nd,22,11,0,0,0,0,0,0,0,0,113
19970125-W-Australian_Open-F-Martina_Hingis-Mary_Pierce,1,SnV,1,1,0,0,0,1,0,0,0,0,3
19970125-W-Australian_Open-F-Martina_Hingis-Mary_Pierce,1,SnV2nd,1,1,0,0,0,1,0,0,0,0,3
19970125-W-Australian_Open-F-Martina_Hingis-Mary_Pierce,1,nonSnV,45,32,3,0,4,5,0,1,0,0,196
19970125-W-Australian_Open-F-Martina_Hingis-Mary_Pierce,1,nonSnV1st,30,23,3,0,3,4,0,1,0,0,139
19970125-W-Australian_Open-F-Martina_Hingis-Mary_Pierce,1,nonSnV2nd,15,9,0,0,1,1,0,0,0,0,57
19880704-W-Wimbledon-F-Martina_Navratilova-Steffi_Graf,1,SnV,78,38,0,0,15,11,7,1,11,1,210
19880704-W-Wimbledon-F-Martina_Navratilova-Steffi_Graf,1,SnV1st,52,24,0,0,13,6,4,1,10,0,140
19880704-W-Wimbledon-F-Martina_Navratilova-Steffi_Graf,1,SnV2nd,26,14,0,0,2,5,3,0,1,1,70
19880704-W-Wimbledon-F-Martina_Navratilova-Steffi_Graf,1,nonSnV,19,10,1,0,5,1,1,1,2,0,60
19880704-W-Wimbledon-F-Martina_Navratilova-Steffi_Graf,1,nonSnV1st,9,7,1,0,5,1,0,0,0,0,17
19880704-W-Wimbledon-F-Martina_Navratilova-Steffi_Graf,1,nonSnV2nd,10,3,0,0,0,0,1,1,2,0,43
19880704-W-Wimbledon-F-Martina_Navratilova-Steffi_Graf,2,SnV,6,5,0,0,3,2,0,0,0,0,13
19880704-W-Wimbledon-F-Martina_Navratilova-Steffi_Graf,2,SnV1st,5,5,0,0,3,2,0,0,0,0,11
19880704-W-Wimbledon-F-Martina_Navratilova-Steffi_Graf,2,SnV2nd,1,0,0,0,0,0,0,0,0,0,2
19880704-W-Wimbledon-F-Martina_Navratilova-Steffi_Graf,2,nonSnV,67,39,3,0,10,9,0,4,2,0,259
19880704-W-Wimbledon-F-Martina_Navratilova-Steffi_Graf,2,nonSnV1st,48,28,2,0,8,9,0,4,2,0,208
19880704-W-Wimbledon-F-Martina_Navratilova-Steffi_Graf,2,nonSnV2nd,19,11,1,0,2,0,0,0,0,0,51
20160125-W-Australian_Open-R16-Barbora_Zahlavova_Strycova-Victoria_Azarenka,1,SnV,2,1,0,0,0,1,0,0,1,0,9
20160125-W-Australian_Open-R16-Barbora_Zahlavova_Strycova-Victoria_Azarenka,1,SnV1st,2,1,0,0,0,1,0,0,1,0,9
20160125-W-Australian_Open-R16-Barbora_Zahlavova_Strycova-Victoria_Azarenka,1,nonSnV,54,32,2,0,5,5,3,0,2,0,310
20160125-W-Australian_Open-R16-Barbora_Zahlavova_Strycova-Victoria_Azarenka,1,nonSnV1st,38,24,2,0,5,3,2,0,1,0,212
20160125-W-Australian_Open-R16-Barbora_Zahlavova_Strycova-Victoria_Azarenka,1,nonSnV2nd,16,8,0,0,0,2,1,0,1,0,98
20010127-W-Australian_Open-F-Martina_Hingis-Jennifer_Capriati,2,SnV,2,2,0,0,2,0,0,0,0,0,2
20010127-W-Australian_Open-F-Martina_Hingis-Jennifer_Capriati,2,SnV1st,1,1,0,0,1,0,0,0,0,0,1
20010127-W-Australian_Open-F-Martina_Hingis-Jennifer_Capriati,2,SnV2nd,1,1,0,0,1,0,0,0,0,0,1
20010127-W-Australian_Open-F-Martina_Hingis-Jennifer_Capriati,2,nonSnV,45,32,2,0,6,1,3,0,1,0,246
20010127-W-Australian_Open-F-Martina_Hingis-Jennifer_Capriati,2,nonSnV1st,32,21,2,0,6,1,2,0,1,0,185
20010127-W-Australian_Open-F-Martina_Hingis-Jennifer_Capriati,2,nonSnV2nd,13,11,0,0,0,0,1,0,0,0,61
20120705-W-Wimbledon-SF-Agnieszka_Radwanska-Angelique_Kerber,1,SnV,1,0,0,0,0,0,0,0,0,1,4
20120705-W-Wimbledon-SF-Agnieszka_Radwanska-Angelique_Kerber,1,SnV1st,1,0,0,0,0,0,0,0,0,1,4
20120705-W-Wimbledon-SF-Agnieszka_Radwanska-Angelique_Kerber,1,nonSnV,58,41,3,1,5,9,3,0,3,1,313
20120705-W-Wimbledon-SF-Agnieszka_Radwanska-Angelique_Kerber,1,nonSnV1st,45,33,3,1,4,9,3,0,3,1,245
20120705-W-Wimbledon-SF-Agnieszka_Radwanska-Angelique_Kerber,1,nonSnV2nd,13,8,0,0,1,0,0,0,0,0,68
19990704-W-Wimbledon-F-Steffi_Graf-Lindsay_Davenport,1,SnV,1,1,0,0,0,0,0,0,0,0,3
19990704-W-Wimbledon-F-Steffi_Graf-Lindsay_Davenport,1,SnV1st,1,1,0,0,0,0,0,0,0,0,3
19990704-W-Wimbledon-F-Steffi_Graf-Lindsay_Davenport,1,nonSnV,68,45,2,0,11,4,0,0,0,0,243
19990704-W-Wimbledon-F-Steffi_Graf-Lindsay_Davenport,1,nonSnV1st,42,27,2,0,11,2,0,0,0,0,151
19990704-W-Wimbledon-F-Steffi_Graf-Lindsay_Davenport,1,nonSnV2nd,26,18,0,0,0,2,0,0,0,0,92
19990704-W-Wimbledon-F-Steffi_Graf-Lindsay_Davenport,2,SnV,3,2,0,0,1,0,0,0,0,0,6
19990704-W-Wimbledon-F-Steffi_Graf-Lindsay_Davenport,2,SnV1st,3,2,0,0,1,0,0,0,0,0,6
19990704-W-Wimbledon-F-Steffi_Graf-Lindsay_Davenport,2,nonSnV,64,45,4,0,16,5,2,1,2,1,243
19990704-W-Wimbledon-F-Steffi_Graf-Lindsay_Davenport,2,nonSnV1st,42,32,3,0,16,4,1,1,2,1,136
19990704-W-Wimbledon-F-Steffi_Graf-Lindsay_Davenport,2,nonSnV2nd,22,13,1,0,0,1,1,0,0,0,107
19990130-W-Australian_Open-F-Amelie_Mauresmo-Martina_Hingis,2,SnV,1,1,0,0,0,1,0,0,0,0,3
19990130-W-Australian_Open-F-Amelie_Mauresmo-Martina_Hingis,2,SnV1st,1,1,0,0,0,1,0,0,0,0,3
19990130-W-Australian_Open-F-Amelie_Mauresmo-Martina_Hingis,2,nonSnV,49,29,1,0,6,1,3,0,1,0,231
19990130-W-Australian_Open-F-Amelie_Mauresmo-Martina_Hingis,2,nonSnV1st,35,23,1,0,6,1,2,0,1,0,161
19990130-W-Australian_Open-F-Amelie_Mauresmo-Martina_Hingis,2,nonSnV2nd,14,6,0,0,0,0,1,0,0,0,70
19980131-W-Australian_Open-F-Martina_Hingis-Conchita_Martinez,1,SnV,3,0,0,0,0,0,0,1,0,0,6
19980131-W-Australian_Open-F-Martina_Hingis-Conchita_Martinez,1,SnV1st,3,0,0,0,0,0,0,1,0,0,6
19980131-W-Australian_Open-F-Martina_Hingis-Conchita_Martinez,1,nonSnV,52,35,3,0,2,2,2,0,3,1,385
19980131-W-Australian_Open-F-Martina_Hingis-Conchita_Martinez,1,nonSnV1st,38,26,3,0,2,1,2,0,3,1,294
19980131-W-Australian_Open-F-Martina_Hingis-Conchita_Martinez,1,nonSnV2nd,14,9,0,0,0,1,0,0,0,0,91
20130625-W-Wimbledon-R128-Bethanie_Mattek_Sands-Angelique_Kerber,2,SnV,1,0,0,0,0,0,0,0,0,0,2
20130625-W-Wimbledon-R128-Bethanie_Mattek_Sands-Angelique_Kerber,2,SnV1st,1,0,0,0,0,0,0,0,0,0,2
20130625-W-Wimbledon-R128-Bethanie_Mattek_Sands-Angelique_Kerber,2,nonSnV,50,34,1,1,8,1,0,1,1,0,182
20130625-W-Wimbledon-R128-Bethanie_Mattek_Sands-Angelique_Kerber,2,nonSnV1st,29,21,1,1,8,1,0,1,1,0,97
20130625-W-Wimbledon-R128-Bethanie_Mattek_Sands-Angelique_Kerber,2,nonSnV2nd,21,13,0,0,0,0,0,0,0,0,85
19980704-W-Wimbledon-F-Nathalie_Tauziat-Jana_Novotna,1,SnV,32,20,0,0,4,5,7,1,5,1,112
19980704-W-Wimbledon-F-Nathalie_Tauziat-Jana_Novotna,1,SnV1st,29,19,0,0,4,5,6,1,5,1,103
19980704-W-Wimbledon-F-Nathalie_Tauziat-Jana_Novotna,1,SnV2nd,3,1,0,0,0,0,1,0,0,0,9
19980704-W-Wimbledon-F-Nathalie_Tauziat-Jana_Novotna,1,nonSnV,21,10,1,0,1,2,0,0,2,0,72
19980704-W-Wimbledon-F-Nathalie_Tauziat-Jana_Novotna,1,nonSnV1st,2,2,1,0,1,0,0,0,0,0,2
19980704-W-Wimbledon-F-Nathalie_Tauziat-Jana_Novotna,1,nonSnV2nd,19,8,0,0,0,2,0,0,2,0,70
19980704-W-Wimbledon-F-Nathalie_Tauziat-Jana_Novotna,2,SnV,24,15,0,0,3,6,2,3,2,2,77
19980704-W-Wimbledon-F-Nathalie_Tauziat-Jana_Novotna,2,SnV1st,20,12,0,0,3,5,1,3,1,2,64
19980704-W-Wimbledon-F-Nathalie_Tauziat-Jana_Novotna,2,SnV2nd,4,3,0,0,0,1,1,0,1,0,13
19980704-W-Wimbledon-F-Nathalie_Tauziat-Jana_Novotna,2,nonSnV,21,15,0,0,3,2,1,0,1,0,77
19980704-W-Wimbledon-F-Nathalie_Tauziat-Jana_Novotna,2,nonSnV1st,13,9,0,0,3,1,0,0,0,0,55
19980704-W-Wimbledon-F-Nathalie_Tauziat-Jana_Novotna,2,nonSnV2nd,8,6,0,0,0,1,1,0,1,0,22
